date,product_category,store_id,promotion,day_of_week,holiday,competitor_price_index,daily_sales
2023-01-01,Clothing,4,1,Sunday,0,0.9280099776005263,25.92
2023-01-02,Electronics,4,0,Monday,0,1.0627585441794243,57.60078708042145
2023-01-03,Electronics,1,0,Tuesday,0,1.0988646276849698,69.60190212401429
2023-01-04,Clothing,2,0,Wednesday,0,0.9043778887140379,3.2001311818627722
2023-01-05,Electronics,3,0,Thursday,0,0.9502207166788799,0.8000437275863498
2023-01-06,Electronics,1,0,Friday,0,1.0371866132117171,47.20322493152699
2023-01-07,Electronics,3,0,Saturday,0,1.028604618747236,48.804001128824666
2023-01-08,Home Goods,1,0,Sunday,0,0.975632502268787,13.601300922358641
2023-01-09,Toys,4,0,Monday,0,1.0746558776687123,33.60367321763873
2023-01-10,Toys,1,0,Tuesday,0,1.0722523568478353,32.00393561721675
2023-01-11,Clothing,3,0,Wednesday,0,1.0138675241031911,6.400874587579231
2023-01-12,Electronics,3,0,Thursday,0,1.05850972203569,9.60144307936541
2023-01-13,Electronics,3,0,Friday,0,0.9755656288162797,26.404329267675536
2023-01-14,Electronics,3,1,Saturday,0,1.024686358871031,23.04409315376847
2023-01-15,Toys,1,0,Sunday,0,1.0626286003284233,48.009183420559
2023-01-16,Toys,1,0,Monday,0,0.9301426616274779,48.00983944639789
2023-01-17,Toys,2,0,Tuesday,0,1.0819210429641317,24.80542266528724
2023-01-18,Home Goods,4,0,Wednesday,0,0.9853516617265964,22.405204044985425
2023-01-19,Home Goods,2,0,Thursday,0,0.9245249875385416,4.000983964808417
2023-01-20,Home Goods,2,0,Friday,0,1.0893742220371856,8.802285000556287
2023-01-21,Clothing,3,0,Saturday,0,1.067484164886674,44.812245062722354
2023-01-22,Clothing,5,0,Sunday,0,0.9697994193780068,36.01033184226476
2023-01-23,Home Goods,5,0,Monday,0,0.975308413865963,16.00481062609269
2023-01-24,Toys,3,0,Tuesday,0,,36.01131598187625
2023-01-25,Electronics,5,0,Wednesday,0,0.9175085045876883,29.60970885078695
2023-01-26,Home Goods,4,0,Thursday,0,1.021146668928559,8.00273336630748
2023-01-27,Clothing,1,0,Friday,0,0.9366983404575825,38.41364505783846
2023-01-28,Electronics,1,0,Saturday,0,1.0262820404060924,57.621254946860326
2023-01-29,Toys,5,0,Sunday,0,0.9884472556906156,32.01224573206773
2023-01-30,Home Goods,2,1,Monday,0,1.0541003441705623,10.56418544487948
2023-01-31,Toys,1,0,Tuesday,0,1.0558865277309977,34.41410465200098
2023-02-01,Clothing,3,0,Wednesday,0,1.0839856509337131,28.011863296113432
2023-02-02,Electronics,2,0,Thursday,0,0.9568682288356352,31.213645617245437
2023-02-03,Electronics,2,0,Friday,0,0.9815392247673945,47.22128862044087
2023-02-04,Electronics,4,0,Saturday,0,0.9716742843837173,45.621190358663235
2023-02-05,Clothing,5,0,Sunday,0,0.9922135817879955,1.6007653948615603
2023-02-06,Electronics,1,0,Monday,0,0.9729497829729189,60.8299162092855
2023-02-07,Clothing,3,0,Tuesday,0,0.9827985162048428,47.223869711660484
2023-02-08,Toys,4,0,Wednesday,0,0.9251403147648727,52.02700805801841
2023-02-09,Home Goods,4,1,Thursday,0,0.9483846678085835,18.249722967321954
2023-02-10,Home Goods,1,1,Friday,0,1.0574884727924572,15.368397761950135
2023-02-11,Home Goods,5,0,Saturday,0,0.9384460563573772,25.61434627469083
2023-02-12,Home Goods,1,0,Sunday,0,0.9454740686313431,10.405970365475525
2023-02-13,Home Goods,1,0,Monday,0,0.9055080760135847,29.617397282740985
2023-02-14,Electronics,4,0,Tuesday,0,0.9415927208189581,44.02646242106227
2023-02-15,Electronics,3,0,Wednesday,0,0.9026601889948378,79.24871524436827
2023-02-16,Toys,4,0,Thursday,0,0.9807506994267413,8.805533127291291
2023-02-17,Clothing,1,0,Friday,0,1.0947726914353864,16.010279002358057
2023-02-18,Home Goods,1,1,Saturday,0,0.9060683493404404,23.055116797824223
2023-02-19,Home Goods,2,0,Sunday,0,0.921982677421581,21.614467346772805
2023-02-20,Clothing,4,0,Monday,0,0.9954848632753424,37.625698032673974
2023-02-21,Electronics,1,0,Tuesday,0,1.0825754902583753,67.24684728690603
2023-02-22,Toys,1,0,Wednesday,0,1.0896151463952775,44.031275479941314
2023-02-23,Home Goods,1,0,Thursday,0,1.0988203379193175,21.615648782381943
2023-02-24,Home Goods,4,0,Friday,0,0.9731263769659226,21.61594415137419
2023-02-25,Clothing,2,0,Saturday,0,1.0193282143714977,12.80962342186817
2023-02-26,Electronics,1,1,Sunday,0,0.9854634414934,70.13364656920416
2023-02-27,Electronics,5,0,Monday,0,0.9970547307099425,24.018700313964157
2023-02-28,Toys,1,0,Tuesday,0,1.0597596671342715,34.42727421152971
2023-03-01,Home Goods,1,1,Wednesday,0,1.0383175872614137,6.72541988436204
2023-03-02,Clothing,2,0,Thursday,0,0.9809673332745739,36.8301835816308
2023-03-03,Toys,2,0,Friday,0,1.0927472021234144,44.83735790558106
2023-03-04,Toys,1,0,Saturday,0,1.064210483326258,36.03051208102715
2023-03-05,Home Goods,5,0,Sunday,0,1.0150863803762031,26.422736577032147
2023-03-06,Toys,2,0,Monday,0,1.0751048935880347,68.05949390295342
2023-03-07,Electronics,1,0,Tuesday,0,1.0543096744089104,20.818482607176634
2023-03-08,Clothing,5,1,Wednesday,0,0.9847890616147186,32.66944988443663
2023-03-09,Electronics,3,0,Thursday,0,0.9450239428707058,42.43883587872774
2023-03-10,Electronics,1,0,Friday,0,1.0895334072987128,33.631235152792506
2023-03-11,Toys,5,0,Saturday,0,0.9242908550881754,54.451315244525404
2023-03-12,Toys,5,0,Sunday,0,0.930862796519957,38.436747740794296
2023-03-13,Clothing,2,0,Monday,0,1.0385372711029082,36.835719923084014
2023-03-14,Home Goods,5,0,Tuesday,0,0.9296992865638751,18.41811163405903
2023-03-15,Home Goods,2,0,Wednesday,0,1.0951522328002317,28.02794416741423
2023-03-16,Toys,3,1,Thursday,0,1.013080369841008,63.424100311360135
2023-03-17,Electronics,3,0,Friday,0,1.006146872216409,46.44757682565958
2023-03-18,Home Goods,5,1,Saturday,0,1.0223984658642264,19.219949591496654
2023-03-19,Clothing,4,0,Sunday,0,,15.216001344190113
2023-03-20,Home Goods,3,0,Monday,0,0.9705891535472234,2.40255935757155
2023-03-21,Electronics,2,0,Tuesday,0,0.9438696881959135,42.44579531358974
2023-03-22,Home Goods,5,0,Wednesday,0,1.0144579238427824,17.619250132003124
2023-03-23,Toys,3,0,Thursday,0,0.9799266785735534,60.06644622219458
2023-03-24,Home Goods,1,0,Friday,0,1.0349968181624747,9.610762720895043
2023-03-25,Home Goods,1,0,Saturday,0,0.9020820544246181,7.208170536025094
2023-03-26,Clothing,3,0,Sunday,0,0.9931930766039346,2.402756344241602
2023-03-27,Clothing,3,0,Monday,0,0.9679394561108633,11.213016158976231
2023-03-28,Electronics,5,0,Tuesday,0,1.0280951111893402,9.611288040215998
2023-03-29,Clothing,3,0,Wednesday,0,1.0915238285825872,31.23711296723124
2023-03-30,Home Goods,2,0,Thursday,0,1.0782108973607165,0.8009625592203341
2023-03-31,Electronics,2,0,Friday,0,1.0258096206583514,16.019470080916637
2023-04-01,Toys,1,0,Saturday,0,1.0570728445968975,29.736547669900407
2023-04-02,Home Goods,2,0,Sunday,0,1.0453530954481658,16.220156731446362
2023-04-03,Electronics,2,0,Monday,0,0.9959924051773148,48.66113511974514
2023-04-04,Toys,3,0,Tuesday,0,0.969155634278413,31.540055590709247
2023-04-05,Electronics,4,1,Wednesday,0,1.0825088795935551,101.65048243988056
2023-04-06,Electronics,1,0,Thursday,0,0.9952640113124929,56.77365160889262
2023-04-07,Electronics,2,0,Friday,0,1.0775108080284734,50.46615768675696
2023-04-08,Toys,3,1,Saturday,0,0.9218391332942303,72.45597360367735
2023-04-09,Toys,3,0,Sunday,0,1.0599083320979024,31.542210559345627
2023-04-10,Toys,3,0,Monday,0,1.0330099722496482,34.246296562518936
2023-04-11,Home Goods,2,0,Tuesday,0,0.9312635802827115,13.51845968058266
2023-04-12,Electronics,5,0,Wednesday,0,1.0106986389508048,44.16090505568137
2023-04-13,Clothing,3,0,Thursday,0,0.900115790103187,37.85272156831859
2023-04-14,Clothing,3,0,Friday,0,1.0532071257496565,26.136760130896448
2023-04-15,Electronics,2,0,Saturday,0,1.0893897593343447,47.76783502718281
2023-04-16,Toys,1,0,Sunday,0,0.9102170984577657,56.7814099730371
2023-04-17,Electronics,3,0,Monday,0,1.0588144289290486,40.5587041912578
2023-04-18,Clothing,2,0,Tuesday,0,0.9850228413721828,35.151357288101494
2023-04-19,Toys,3,0,Wednesday,0,0.971753187313931,36.05316678667655
2023-04-20,Clothing,5,0,Thursday,0,1.0334098839584749,35.15231795248127
2023-04-21,Electronics,1,0,Friday,0,1.073909747438671,59.489350959951004
2023-04-22,Clothing,3,0,Saturday,0,1.0914248667727635,21.632786857301785
2023-04-23,Home Goods,3,0,Sunday,0,1.0167358182112611,15.323433409505828
2023-04-24,Toys,5,1,Monday,0,1.036403185261896,48.675100652314065
2023-04-25,Clothing,5,0,Tuesday,0,1.0140259226444925,26.140689028732233
2023-04-26,Electronics,1,0,Wednesday,0,0.9896046901610664,5.408492323561475
2023-04-27,Clothing,4,0,Thursday,0,,40.564246712963325
2023-04-28,Electronics,3,0,Friday,0,1.0602963795887574,48.67776120814763
2023-04-29,Electronics,4,0,Saturday,0,0.925958525107067,41.46680764837226
2023-04-30,Home Goods,4,0,Sunday,0,0.9916094583858863,18.029293163184498
2023-05-01,Clothing,4,1,Monday,0,0.9914637097487699,35.69848826166867
2023-05-02,Toys,5,0,Tuesday,0,0.9556738553046009,34.25659319550779
2023-05-03,Home Goods,5,0,Wednesday,0,1.0523911334139011,14.424025809613001
2023-05-04,Clothing,3,0,Thursday,0,0.9443590383284627,31.552987611296412
2023-05-05,Clothing,4,0,Friday,0,1.098645392146186,21.63663001368405
2023-05-06,Electronics,4,0,Saturday,0,0.9966924720403987,55.89539131255529
2023-05-07,Electronics,5,1,Sunday,0,0.9355695395871942,71.40283038605786
2023-05-08,Electronics,5,0,Monday,0,0.9900954989468249,46.88128681790821
2023-05-09,Clothing,5,0,Tuesday,0,0.9964519703689063,14.42520844046207
2023-05-10,Electronics,5,0,Wednesday,0,0.9610215705939448,44.17780451228076
2023-05-11,Clothing,2,0,Thursday,0,1.0817900514621184,43.27680801687697
2023-05-12,Electronics,5,0,Friday,0,0.9348361982271969,46.8838493248051
2023-05-13,Home Goods,5,0,Saturday,0,0.981885211843055,11.721122493353556
2023-05-14,Home Goods,1,0,Sunday,0,1.0330912774905783,18.934379677814018
2023-05-15,Clothing,1,0,Monday,0,0.9710213425241312,10.819793376206588
2023-05-16,Home Goods,2,0,Tuesday,0,0.9870022982002503,18.934897142444488
2023-05-17,Clothing,1,0,Wednesday,0,0.9416234309249105,20.738504059116554
2023-05-18,Toys,1,0,Thursday,0,0.9585105574085527,27.050592316024197
2023-05-19,Electronics,1,0,Friday,0,1.0508446321452674,33.362853073263885
2023-05-20,Electronics,4,0,Saturday,0,1.0349981101726349,29.75646475077848
2023-05-21,Clothing,1,0,Sunday,0,0.9994490810163281,19.837914240459
2023-05-22,Electronics,3,0,Monday,0,1.0051584801168165,27.953806583660448
2023-05-23,Clothing,4,0,Tuesday,0,1.0501610649512712,24.34719648859943
2023-05-24,Toys,3,0,Wednesday,0,0.9911365726080718,57.712661767283976
2023-05-25,Electronics,5,0,Thursday,0,0.9197105157030202,39.677997141187866
2023-05-26,Clothing,5,0,Friday,0,1.0759201695898644,42.383894278738666
2023-05-27,Home Goods,1,0,Saturday,0,0.9548314173754322,22.544932679417098
2023-05-28,Toys,3,0,Sunday,0,1.012505440816816,40.581433344048115
2023-05-29,Toys,5,0,Monday,0,0.9776150724810251,44.18927568363146
2023-05-30,Home Goods,5,0,Tuesday,0,1.0000740980596083,30.662365375669857
2023-05-31,Electronics,4,0,Wednesday,0,1.0216042808828072,45.994176546511625
2023-06-01,Home Goods,1,0,Thursday,0,1.0703348080340682,25.252049824842743
2023-06-02,Clothing,2,1,Friday,0,1.025083721417967,32.46736485055716
2023-06-03,Toys,1,0,Saturday,0,1.0424884843314821,23.448972808305292
2023-06-04,Clothing,2,0,Sunday,0,0.9275849726518332,22.54739733549989
2023-06-05,Home Goods,1,1,Monday,0,1.0582215144442537,0.0
2023-06-06,Clothing,5,0,Tuesday,0,0.9643637699703459,26.15569570827873
2023-06-07,Toys,3,0,Wednesday,0,1.0496542081990423,39.68504610575053
2023-06-08,Toys,4,0,Thursday,0,1.0223850374821541,39.6855883856605
2023-06-09,Electronics,5,0,Friday,0,1.0380348565953263,73.96051625419092
2023-06-10,Electronics,3,0,Saturday,0,0.9094012165652972,34.27485392665919
2023-06-11,Home Goods,4,0,Sunday,0,0.9106951160390331,16.23567897402996
2023-06-12,Clothing,3,1,Monday,0,0.9497331380564341,28.142228101757585
2023-06-13,Clothing,4,0,Tuesday,0,0.9780888912481662,27.962211290619294
2023-06-14,Clothing,5,0,Wednesday,0,1.0716231327511012,33.37470823107223
2023-06-15,Electronics,5,0,Thursday,0,0.9456885565683187,28.865006947285
2023-06-16,Electronics,5,0,Friday,0,0.9485215205333284,38.787883098716534
2023-06-17,Toys,4,0,Saturday,0,1.0365274368434947,11.726729547683636
2023-06-18,Electronics,4,1,Sunday,0,1.0497560699397737,30.30949976141465
2023-06-19,Toys,2,0,Monday,0,1.0838950634126656,64.04773478901312
2023-06-20,Toys,2,1,Tuesday,0,0.9435346287074844,59.538144483887486
2023-06-21,Clothing,1,0,Wednesday,0,0.9330214201990092,27.965268174182697
2023-06-22,Toys,3,0,Thursday,0,0.9283600078215232,31.57412131562468
2023-06-23,Home Goods,3,0,Friday,0,0.9585567936973375,25.25964221045408
2023-06-24,Electronics,1,0,Saturday,0,0.9033551585504015,44.204977902968494
2023-06-25,Toys,4,0,Sunday,0,0.9907056783165694,66.75945028563922
2023-06-26,Home Goods,4,0,Monday,0,0.9678247348198405,8.119503550483712
2023-06-27,Clothing,4,0,Tuesday,0,0.9682675091888596,10.826152666901349
2023-06-28,Electronics,5,0,Wednesday,0,0.9585980442398866,44.207394124203915
2023-06-29,Toys,2,0,Thursday,0,0.9716035916718958,21.652897077623678
2023-06-30,Home Goods,4,0,Friday,0,1.03632448298625,15.337678343549035
2023-07-01,Clothing,3,0,Saturday,0,0.9635023050455512,6.014858010449067
2023-07-02,Toys,3,0,Sunday,0,1.0768809988470915,33.08217110561879
2023-07-03,Home Goods,5,0,Monday,0,1.0400656671022963,10.025037321195384
2023-07-04,Toys,4,1,Tuesday,0,1.0301377356385488,21.654376507929527
2023-07-05,Toys,3,0,Wednesday,0,0.9132589433218904,58.146805534952634
2023-07-06,Home Goods,3,0,Thursday,0,0.9808896143662175,0.0
2023-07-07,Electronics,2,1,Friday,0,1.0760322693802797,69.77807358048044
2023-07-08,Home Goods,3,0,Saturday,0,1.083057647329331,18.04630010412731
2023-07-09,Electronics,5,0,Sunday,0,1.0439484567449675,43.111194893085134
2023-07-10,Clothing,5,1,Monday,0,0.9124093608308909,37.29670614941552
2023-07-11,Home Goods,1,0,Tuesday,0,0.9684660365891762,0.0
2023-07-12,Clothing,2,0,Wednesday,0,0.9863037631168162,27.0709297583399
2023-07-13,Toys,3,0,Thursday,0,0.9350890296370706,29.076581128662724
2023-07-14,Electronics,3,0,Friday,0,0.9160049267766321,43.11414045773717
2023-07-15,Home Goods,5,0,Saturday,0,0.954475994124747,2.005336260224082
2023-07-16,Toys,5,0,Sunday,0,1.0145676748627754,18.048272960908747
2023-07-17,Home Goods,4,0,Monday,0,0.9341527334348506,22.05930171276419
2023-07-18,Home Goods,4,0,Tuesday,0,1.0924734697470477,24.06502161173686
2023-07-19,Toys,5,0,Wednesday,0,1.0393001743261752,45.12253209451157
2023-07-20,Electronics,5,0,Thursday,0,1.0097849102550513,33.09030902865728
2023-07-21,Toys,3,0,Friday,0,1.0875308514145445,49.13476662166811
2023-07-22,Electronics,4,0,Saturday,0,1.0038907328663194,44.121617821187556
2023-07-23,Home Goods,4,0,Sunday,0,1.0136456193181194,8.022221950006164
2023-07-24,Electronics,1,0,Monday,0,0.9831969397558644,35.09770062043532
2023-07-25,Toys,1,0,Tuesday,0,0.9726469498126047,20.056102980655464
2023-07-26,Home Goods,1,1,Wednesday,0,1.0437286977534672,18.050739335183458
2023-07-27,Electronics,2,0,Thursday,0,1.0645025905942078,50.141627753187244
2023-07-28,Home Goods,2,0,Friday,0,1.0889368962407289,24.068310200642415
2023-07-29,Toys,2,0,Saturday,0,0.9757403467147641,53.15157797771643
2023-07-30,Home Goods,2,0,Sunday,0,0.9620139246898473,17.04885231374759
2023-07-31,Clothing,3,0,Monday,0,0.9718573573892879,24.069296864944253
2023-08-01,Electronics,4,0,Tuesday,0,1.0788827086907802,69.2001740658453
2023-08-02,Clothing,4,0,Wednesday,0,1.0617454027113082,7.020403443554752
2023-08-03,Electronics,2,0,Thursday,0,1.0798478011462413,55.16106651388148
2023-08-04,Toys,2,0,Friday,0,0.9822199709500268,47.13828277385338
2023-08-05,Home Goods,3,0,Saturday,0,1.037114011009259,25.073897286803952
2023-08-06,Clothing,1,0,Sunday,0,0.9360217486186179,25.07423991134638
2023-08-07,Clothing,5,0,Monday,0,1.0675082102049294,39.11634876329019
2023-08-08,Home Goods,3,0,Tuesday,0,1.0228209562121764,18.053946125623277
2023-08-09,Clothing,3,0,Wednesday,0,1.0432016316067991,8.024085700180759
2023-08-10,Electronics,4,0,Thursday,0,0.9739315530533179,57.17239184044375
2023-08-11,Electronics,1,0,Friday,0,0.9943574403475953,64.19443994697515
2023-08-12,Home Goods,3,0,Saturday,0,1.0496574870245974,22.06714026609092
2023-08-13,Clothing,4,0,Sunday,0,0.9679175812006354,32.0980971702247
2023-08-14,Electronics,5,1,Monday,0,,87.86974169113395
2023-08-15,Electronics,3,0,Tuesday,0,1.0380002816320018,68.21032058073698
2023-08-16,Electronics,1,1,Wednesday,0,1.0617081031094031,45.74166353964956
2023-08-17,Toys,2,0,Thursday,0,0.948167165426038,55.17161999872065
2023-08-18,Electronics,5,1,Friday,0,1.0852027868714902,85.46702283575921
2023-08-19,Clothing,2,0,Saturday,0,0.9015891612408011,39.122763352088896
2023-08-20,Home Goods,3,0,Sunday,0,1.0072548273467532,19.06006823138638
2023-08-21,Electronics,5,0,Monday,0,0.9354851421233769,49.15558448902158
2023-08-22,Clothing,2,0,Tuesday,0,0.9109017308642128,41.13074496690681
2023-08-23,Clothing,4,0,Wednesday,0,0.9064537602820693,17.0544443665585
2023-08-24,Clothing,3,0,Thursday,0,0.9847823443663714,45.14473431677524
2023-08-25,Toys,1,0,Friday,0,0.9078501967440313,32.103360854108224
2023-08-26,Home Goods,3,0,Saturday,0,1.0144694158194862,27.08758085630017
2023-08-27,Home Goods,5,0,Sunday,0,0.9927748326640505,21.068406331003324
2023-08-28,Home Goods,1,0,Monday,0,1.0857132174713073,26.085049989330415
2023-08-29,Electronics,3,0,Tuesday,0,1.0820483442617679,9.029563764528673
2023-08-30,Clothing,3,0,Wednesday,0,0.9591694348187121,3.0098957166070877
2023-08-31,Electronics,3,1,Thursday,0,0.9801472720216552,95.11400432095859
2023-09-01,Clothing,3,0,Friday,0,0.9677267412270729,26.086475784675223
2023-09-02,Toys,2,0,Saturday,0,0.9928516648899254,28.093511649202817
2023-09-03,Electronics,4,0,Sunday,0,0.9690397205032172,35.117369419424286
2023-09-04,Clothing,2,0,Monday,0,1.0775604681701632,38.12795065109372
2023-09-05,Home Goods,4,0,Tuesday,0,0.9928223064647027,20.067616659964052
2023-09-06,Clothing,1,0,Wednesday,0,1.0063838100033202,19.064496331944483
2023-09-07,Toys,1,0,Thursday,0,0.9082334263631027,8.027266038098025
2023-09-08,Home Goods,1,0,Friday,0,0.9655381307680075,10.034219659253097
2023-09-09,Toys,1,0,Saturday,0,0.919845005998926,63.21644766837057
2023-09-10,Toys,3,0,Sunday,0,0.9539527333949152,64.22076088406381
2023-09-11,Toys,5,0,Monday,0,1.059433239926049,47.16276572531577
2023-09-12,Electronics,3,0,Tuesday,0,0.9206058230091905,42.14602612294766
2023-09-13,Clothing,1,0,Wednesday,0,1.0478966679123662,26.090753638326103
2023-09-14,Home Goods,4,0,Thursday,0,0.9424632452270173,35.122648289338514
2023-09-15,Home Goods,1,1,Friday,0,0.9137199673481796,15.654880009280543
2023-09-16,Clothing,3,0,Saturday,0,0.9045672529728562,43.15186146491824
2023-09-17,Toys,4,0,Sunday,0,1.0488419579280706,44.15599649226516
2023-09-18,Clothing,5,0,Monday,0,0.9091040921275643,18.064063581497173
2023-09-19,Clothing,5,1,Tuesday,0,0.9799078703358931,44.55863236817769
2023-09-20,Toys,3,0,Wednesday,0,1.0089282972369298,42.15063360885709
2023-09-21,Toys,4,0,Thursday,0,0.9538357454259826,33.1188075271515
2023-09-22,Home Goods,1,0,Friday,0,1.0044223127336072,20.07227883763587
2023-09-23,Clothing,1,0,Saturday,0,0.9610235997020937,30.108829675664406
2023-09-24,Electronics,3,0,Sunday,0,1.0294838963540245,60.21848220099375
2023-09-25,Electronics,4,0,Monday,0,1.0465526866071984,79.28875166483843
2023-09-26,Electronics,1,0,Tuesday,0,0.9920862207481438,31.11373276592868
2023-09-27,Home Goods,2,0,Wednesday,0,1.0298681272556296,8.029460108993685
2023-09-28,Clothing,3,1,Thursday,0,0.9290026328305175,42.155241598465885
2023-09-29,Clothing,3,0,Friday,0,0.9655537071683824,30.111298308990065
2023-09-30,Home Goods,4,0,Saturday,0,1.0907523023393813,22.081920496207296
2023-10-01,Home Goods,5,0,Sunday,0,0.9216290139281755,50.588363669328494
2023-10-02,Home Goods,4,0,Monday,0,0.9204365134666026,31.317034009615522
2023-10-03,Electronics,5,0,Tuesday,0,0.9011160139474063,19.272284273271165
2023-10-04,Electronics,3,0,Wednesday,0,1.0240907346769652,65.04484822136997
2023-10-05,Toys,4,0,Thursday,0,0.9325823506857454,66.2502877183836
2023-10-06,Electronics,2,0,Friday,0,0.9583489487091749,31.318745782501622
2023-10-07,Electronics,4,0,Saturday,0,0.911623860500612,74.6841835346627
2023-10-08,Toys,1,0,Sunday,0,1.0114159951075714,51.79780281820525
2023-10-09,Clothing,5,0,Monday,0,1.0718421035472474,34.93387925128704
2023-10-10,Toys,4,0,Tuesday,0,1.0203734708253858,38.54825556794133
2023-10-11,Home Goods,5,0,Wednesday,0,0.9826319666813297,26.502287840925835
2023-10-12,Electronics,3,0,Thursday,0,0.997152963656821,63.847293142888425
2023-10-13,Electronics,4,1,Friday,0,1.0752837428541846,108.42141326606041
2023-10-14,Home Goods,3,0,Saturday,0,0.9843874626861843,31.32216960897278
2023-10-15,Home Goods,3,0,Sunday,0,1.0831768840684597,13.251868221137936
2023-10-16,Home Goods,2,0,Monday,0,1.032092754112843,10.842585792948434
2023-10-17,Home Goods,2,0,Tuesday,0,0.9060297953337209,22.890216121828086
2023-10-18,Home Goods,5,0,Wednesday,0,0.911174128722494,22.890528907261288
2023-10-19,Toys,5,1,Thursday,0,1.0831637550454107,69.39539377607312
2023-10-20,Home Goods,5,0,Friday,0,0.9487234287811828,34.93913053881842
2023-10-21,Electronics,4,0,Saturday,0,0.964478168991078,74.6984722068815
2023-10-22,Electronics,3,0,Sunday,0,0.9723481788622085,27.711102216311414
2023-10-23,Home Goods,4,0,Monday,0,1.0269948419858725,20.48239890921975
2023-10-24,Toys,3,1,Tuesday,0,1.0737580085179828,72.29180750405781
2023-10-25,Home Goods,5,1,Wednesday,0,1.0480845736822046,28.917118136805886
2023-10-26,Toys,4,0,Thursday,0,0.9269370787170961,21.688134958041008
2023-10-27,Home Goods,3,0,Friday,0,0.931457046603778,22.893344168500906
2023-10-28,Home Goods,3,0,Saturday,0,1.0110285479846615,14.459151787375314
2023-10-29,Clothing,1,0,Sunday,0,0.9958409063044592,8.43462046336329
2023-10-30,Electronics,4,0,Monday,0,0.9535042921226591,81.93743269884948
2023-10-31,Clothing,5,0,Tuesday,0,0.9640814731305796,33.739403904840216
2023-11-01,Electronics,5,0,Wednesday,0,0.9204269029657095,28.91988423427145
2023-11-02,Toys,3,0,Thursday,0,0.9599217617976628,90.37587316453487
2023-11-03,Home Goods,1,1,Friday,0,1.0800548039731168,43.381011894646235
2023-11-04,Electronics,1,1,Saturday,0,1.019383698875749,89.65531633539257
2023-11-05,Electronics,5,0,Sunday,0,0.9711310908146027,56.637868919539336
2023-11-06,Toys,2,0,Monday,0,1.0389818429487911,48.20310030028376
2023-11-07,Home Goods,1,1,Tuesday,0,1.074298020786879,8.676676615665137
2023-11-08,Toys,2,0,Wednesday,0,0.9047715870566642,46.99930721903785
2023-11-09,Electronics,4,0,Thursday,0,1.0530013825673057,60.25634544273312
2023-11-10,Home Goods,3,0,Friday,0,1.0265367956019187,21.69258077556996
2023-11-11,Toys,5,0,Saturday,0,1.0013081276489764,53.02703314530454
2023-11-12,Home Goods,3,1,Sunday,0,0.9031658664672149,43.38634724018663
2023-11-13,Home Goods,2,0,Monday,0,1.085666588739145,42.18174731639309
2023-11-14,Home Goods,4,0,Tuesday,0,1.0614419710396925,14.462510987212486
2023-11-15,Electronics,1,0,Wednesday,0,1.040622361982273,55.44038301076879
2023-11-16,Toys,4,0,Thursday,0,1.066683232802626,31.336296850078494
2023-11-17,Home Goods,5,0,Friday,0,1.0921917849423286,36.15775967047782
2023-11-18,Toys,1,0,Saturday,0,1.0534372764304392,49.41628012699882
2023-11-19,Clothing,3,0,Sunday,0,1.0631710481547776,48.21166378559825
2023-11-20,Toys,4,0,Monday,0,0.9208574271130604,71.11317580291646
2023-11-21,Home Goods,1,0,Tuesday,0,1.00434642607521,32.54376243143302
2023-11-22,Electronics,4,0,Wednesday,0,1.00230578937778,49.41898119531923
2023-11-23,Clothing,2,0,Thursday,0,0.9286948022788252,14.464289703063693
2023-11-24,Toys,3,0,Friday,0,1.0174003382164742,37.36659232512562
2023-11-25,Home Goods,3,0,Saturday,0,0.9360168925415959,19.28624667061354
2023-11-26,Toys,5,1,Sunday,0,1.0389268357265022,24.59030051683133
2023-11-27,Toys,5,0,Monday,0,0.9596444637458298,12.054233594716598
2023-11-28,Home Goods,4,0,Tuesday,0,1.0338956436239453,19.287037297414834
2023-11-29,Electronics,5,0,Wednesday,0,0.9252910637006893,91.6146790227007
2023-11-30,Home Goods,2,0,Thursday,0,0.9502844738207963,40.98607434990475
2023-12-01,Toys,2,0,Friday,0,0.9585279468702084,59.06897311717124
2023-12-02,Home Goods,3,0,Saturday,0,0.9665478849825768,28.932137275351348
2023-12-03,Toys,5,0,Sunday,0,0.9856476272336482,60.27610962742469
2023-12-04,Home Goods,2,0,Monday,0,0.9382364976299248,15.672002651705071
2023-12-05,Clothing,4,0,Tuesday,0,0.9355677614557819,54.24998124186684
2023-12-06,Home Goods,4,1,Wednesday,0,1.0564188780951218,10.126801541855281
2023-12-07,Toys,4,0,Thursday,0,0.9949265397209585,39.784406830350854
2023-12-08,Clothing,5,0,Friday,0,1.0076916568046324,24.112091192717855
2023-12-09,Home Goods,2,0,Saturday,0,1.085051568274448,19.289936539658978
2023-12-10,Electronics,2,1,Sunday,0,,28.935300193118188
2023-12-11,Electronics,3,0,Monday,0,0.9557470258279531,20.496117704023387
2023-12-12,Clothing,4,0,Tuesday,0,0.9616704129521814,57.87218195317195
2023-12-13,Toys,4,0,Wednesday,0,0.9465296379861693,42.19904263228528
2023-12-14,Toys,1,0,Thursday,0,0.9820619799400234,45.81672948763684
2023-12-15,Clothing,3,0,Friday,0,1.0531825729172137,77.16607251282564
2023-12-16,Clothing,5,0,Saturday,0,1.04530248760383,36.17209076044622
2023-12-17,Clothing,1,0,Sunday,0,0.9824379176214167,75.9624285782448
2023-12-18,Home Goods,5,0,Monday,0,0.9272485664904799,13.263462417636463
2023-12-19,Clothing,5,0,Tuesday,0,0.9785765300030048,12.05785787038273
2023-12-20,Electronics,4,0,Wednesday,0,1.0329252639266437,92.84677429777479
2023-12-21,Home Goods,3,0,Thursday,0,0.9644373730378331,22.910556067634243
2023-12-22,Clothing,2,0,Friday,0,0.9912189894997107,22.910869131004475
2023-12-23,Clothing,5,0,Saturday,0,1.0281227729310944,66.32184320662591
2023-12-24,Clothing,4,0,Sunday,0,1.0214901886466223,50.64646322970017
2023-12-25,Toys,2,1,Monday,0,1.0954889651795647,65.11777109085611
2023-12-26,Electronics,4,0,Tuesday,0,0.9064463247886873,45.82424285452962
2023-12-27,Electronics,1,0,Wednesday,0,0.997510026626177,62.707715506594866
2023-12-28,Electronics,3,0,Thursday,0,1.002248822703591,95.2687926570533
2023-12-29,Clothing,2,0,Friday,0,1.0652800637039692,48.238022514484406
2023-12-30,Electronics,2,0,Saturday,0,1.0948975069463296,54.26851687573032
2023-12-31,Home Goods,5,0,Sunday,0,1.0962365000829313,33.76753858040803
2024-01-01,Clothing,5,1,Monday,0,0.9329898303743225,36.6624
2024-01-02,Toys,5,0,Tuesday,0,1.000615188728292,49.84868115251473
2024-01-03,Home Goods,3,0,Wednesday,0,1.0777685132061765,15.276417483425895
2024-01-04,Home Goods,4,0,Thursday,0,0.9738138323538591,24.120988783290642
2024-01-05,Home Goods,1,0,Friday,0,0.9489211289787419,12.060659193364222
2024-01-06,Clothing,3,0,Saturday,0,1.0196032161386461,31.358142393071184
2024-01-07,Electronics,1,0,Sunday,0,,43.419559692808434
2024-01-08,Home Goods,1,0,Monday,0,1.0424824223285252,27.338614853940864
2024-01-09,Home Goods,2,0,Tuesday,0,1.0128656125522548,0.8040878948506409
2024-01-10,Home Goods,3,0,Wednesday,0,0.9813779044821878,16.081977647651414
2024-01-11,Clothing,5,0,Thursday,0,0.9815458472552124,28.143845452262426
2024-01-12,Home Goods,4,0,Friday,0,1.0051034491902362,9.649450294762236
2024-01-13,Home Goods,2,0,Saturday,0,1.0369821244518462,13.67024137994656
2024-01-14,Toys,3,0,Sunday,0,1.0386878307940286,12.866285344187393
2024-01-15,Home Goods,4,0,Monday,0,0.9309540346129918,14.474768801298536
2024-01-16,Clothing,1,0,Tuesday,0,1.019095181554147,34.57908686126808
2024-01-17,Toys,5,0,Wednesday,0,1.0321096416617732,30.5586803737845
2024-01-18,Home Goods,5,0,Thursday,0,0.9673072094520142,16.083735760864535
2024-01-19,Toys,2,0,Friday,0,1.0960868273390403,24.930131084721246
2024-01-20,Clothing,4,0,Saturday,0,1.0309893188702584,20.105219148997882
2024-01-21,Toys,2,0,Sunday,0,1.0126818129342479,8.846417306578493
2024-01-22,Toys,3,1,Monday,0,,50.18399845538016
2024-01-23,Home Goods,3,0,Tuesday,0,1.0773278826357742,25.735735486757047
2024-01-24,Electronics,5,0,Wednesday,0,0.9058193605931185,25.736087155047557
2024-01-25,Toys,3,0,Thursday,0,0.9947349430360659,36.99613081545623
2024-01-26,Clothing,5,0,Friday,0,0.9290988225107641,27.345339912672657
2024-01-27,Electronics,4,0,Saturday,0,0.978578697200534,21.7157137217593
2024-01-28,Toys,5,0,Sunday,0,1.082634144598156,40.21483418166294
2024-01-29,Electronics,4,0,Monday,0,0.9571356765395166,29.759383938673466
2024-01-30,Toys,3,0,Tuesday,0,0.9179798195625906,41.82457055677285
2024-01-31,Electronics,2,0,Wednesday,0,1.012868792474001,62.73771310861295
2024-02-01,Electronics,4,0,Thursday,0,1.0157865891769404,52.282141994817415
2024-02-02,Home Goods,4,0,Friday,0,1.066030370766435,1.6087032741195721
2024-02-03,Clothing,4,0,Saturday,0,1.0933263430150084,41.02249403797791
2024-02-04,Clothing,4,0,Sunday,0,1.025784347904549,37.00118649615792
2024-02-05,Clothing,1,0,Monday,0,0.9079980625654896,4.826307665507604
2024-02-06,Home Goods,5,0,Tuesday,0,1.089214866384225,8.848351627548041
2024-02-07,Home Goods,4,0,Wednesday,0,1.0040560547000539,16.892538479060928
2024-02-08,Toys,4,0,Thursday,0,1.0252137482646784,28.95903310060163
2024-02-09,Electronics,3,0,Friday,0,0.9779402591686652,49.874571846220654
2024-02-10,Toys,4,0,Saturday,0,1.000116272971517,46.65749508042048
2024-02-11,Electronics,5,0,Sunday,0,0.9635784510182943,35.39582475833839
2024-02-12,Home Goods,1,0,Monday,0,0.9351953652274498,20.111538879428657
2024-02-13,Home Goods,2,0,Tuesday,0,0.9277764544200595,29.76548426915469
2024-02-14,Toys,4,1,Wednesday,0,1.0120053870199073,46.3382519387355
2024-02-15,Toys,4,0,Thursday,0,0.9857951839377027,45.051693878313586
2024-02-16,Home Goods,4,1,Friday,0,1.0804567237354366,5.792439791734526
2024-02-17,Clothing,3,0,Saturday,0,0.9203398616973002,32.98517731460819
2024-02-18,Clothing,1,0,Sunday,0,0.9567378391319068,20.113187831435194
2024-02-19,Home Goods,2,0,Monday,0,0.9536257638756229,17.69984714952395
2024-02-20,Toys,1,0,Tuesday,0,0.991492365058053,25.74558401554883
2024-02-21,Home Goods,1,0,Wednesday,0,0.9718655484348934,16.091209886509656
2024-02-22,Clothing,4,0,Thursday,0,0.9201598540987795,33.79200250924223
2024-02-23,Electronics,5,0,Friday,0,0.9671634032943672,59.53910370169425
2024-02-24,Home Goods,2,0,Saturday,0,1.0666023918020937,20.91943039538547
2024-02-25,Home Goods,5,0,Sunday,0,0.9189227106687109,20.919716250838455
2024-02-26,Electronics,5,0,Monday,0,1.057818687893137,37.012311425734104
2024-02-27,Toys,2,0,Tuesday,0,0.9039122296311348,17.701782131391578
2024-02-28,Clothing,4,0,Wednesday,0,1.0162363837959518,23.334486206861243
2024-02-29,Electronics,5,0,Thursday,0,1.0717010933583555,46.669610126126585
2024-03-01,Clothing,5,0,Friday,0,0.9481411277030041,20.921145586695925
2024-03-02,Electronics,4,0,Saturday,0,0.9978871271109346,61.959623955774816
2024-03-03,Toys,4,0,Sunday,0,1.0109475202486464,8.046814364762728
2024-03-04,Clothing,3,0,Monday,0,1.028696166023244,0.0
2024-03-05,Toys,1,0,Tuesday,0,1.0452242718210034,37.82106111183535
2024-03-06,Clothing,2,0,Wednesday,0,1.0173893853738651,20.117860596358188
2024-03-07,Toys,3,1,Thursday,0,0.9661867932362596,56.974559732284405
2024-03-08,Clothing,2,0,Friday,0,0.9150833300839468,25.751565318111012
2024-03-09,Clothing,3,0,Saturday,0,0.9098906008141897,20.118685314616947
2024-03-10,Toys,4,0,Sunday,0,1.0153733193380459,42.65219568381832
2024-03-11,Electronics,1,0,Monday,0,1.0083502459311147,37.82416207367538
2024-03-12,Electronics,4,0,Tuesday,0,0.9199470036937171,37.01989852269943
2024-03-13,Electronics,1,0,Wednesday,0,1.0654698997883942,61.96893777398514
2024-03-14,Toys,4,0,Thursday,0,0.9053432385072153,32.996898269094366
2024-03-15,Electronics,1,0,Friday,0,1.0372041568267527,29.778095581792
2024-03-16,Home Goods,3,0,Saturday,0,1.0162839233300003,34.60744883656687
2024-03-17,Toys,2,1,Sunday,0,0.9631269664854094,21.247654273399554
2024-03-18,Clothing,2,1,Monday,0,1.0574611282953064,66.64128083449663
2024-03-19,Home Goods,5,0,Tuesday,0,1.0080012183110922,4.829144308718814
2024-03-20,Toys,3,0,Wednesday,0,0.9471324184199883,34.60934046182605
2024-03-21,Home Goods,4,0,Thursday,0,0.9044695021744831,15.292708239572711
2024-03-22,Toys,2,0,Friday,0,0.9977198559011966,40.24451896887036
2024-03-23,Home Goods,4,0,Saturday,0,0.9975981074360236,7.244112400874638
2024-03-24,Toys,2,0,Sunday,0,1.0370529343438282,16.903159906978846
2024-03-25,Home Goods,3,0,Monday,0,1.0990596209143062,20.92800775834435
2024-03-26,Home Goods,2,0,Tuesday,0,1.0222822336044162,8.049343742693651
2024-03-27,Home Goods,1,1,Wednesday,0,1.020306311053845,20.28462340887586
2024-03-28,Electronics,1,0,Thursday,0,0.9286291717897064,77.27581177124281
2024-03-29,Clothing,1,0,Friday,0,0.921036647847694,14.489412696295839
2024-03-30,Clothing,5,1,Saturday,0,0.9869659299095829,36.707013743412375
2024-03-31,Clothing,5,0,Sunday,0,1.068284808283232,0.0
2024-04-01,Home Goods,4,0,Monday,0,1.0352440787063777,27.168762525172653
2024-04-02,Electronics,2,1,Tuesday,0,1.0125878990327417,88.02799343161895
2024-04-03,Home Goods,3,0,Wednesday,0,1.0185775811614846,19.924303688873756
2024-04-04,Home Goods,5,0,Thursday,0,1.0114233230772596,10.867950516178718
2024-04-05,Home Goods,3,0,Friday,0,0.9812410757600315,22.64187296307027
2024-04-06,Home Goods,3,0,Saturday,0,0.9961859930287916,25.359244237595362
2024-04-07,Toys,2,0,Sunday,0,0.9798338510668043,39.850785482022545
2024-04-08,Clothing,3,0,Monday,0,0.9962547865310072,3.6228481842448397
2024-04-09,Home Goods,3,1,Tuesday,0,1.0032781929730583,20.650516827198913
2024-04-10,Home Goods,2,0,Wednesday,0,0.9064070558308908,3.6229471943961533
2024-04-11,Home Goods,4,0,Thursday,0,0.9433901324980027,9.05749175121628
2024-04-12,Clothing,4,0,Friday,0,1.0631204486012042,35.32470052072017
2024-04-13,Toys,2,0,Saturday,0,0.9409746845194267,28.984765717573435
2024-04-14,Electronics,2,0,Sunday,0,1.0849675773259344,65.21661401069713
2024-04-15,Clothing,2,0,Monday,0,1.0157259490493487,17.210174975161006
2024-04-16,Toys,2,0,Tuesday,0,1.0364969104416688,37.138253471128394
2024-04-17,Home Goods,2,0,Wednesday,0,1.0773464261566887,31.703820323306925
2024-04-18,Clothing,5,0,Thursday,0,0.93310630938143,20.834223756850708
2024-04-19,Toys,4,0,Friday,0,0.9663919390499367,33.516383155461945
2024-04-20,Toys,3,0,Saturday,0,1.0670920987150612,23.552374857326054
2024-04-21,Home Goods,2,0,Sunday,0,1.039203595862294,15.399840144041706
2024-04-22,Home Goods,1,0,Monday,0,0.9537044154969757,9.0588532803255
2024-04-23,Clothing,1,0,Tuesday,0,1.0407716817133077,26.27103349095728
2024-04-24,Toys,2,0,Wednesday,0,0.9276915887095976,29.89503281510015
2024-04-25,Clothing,3,0,Thursday,0,1.013380601451666,32.613208711075686
2024-04-26,Home Goods,4,0,Friday,0,1.0416208266400921,18.118696865123617
2024-04-27,Home Goods,1,0,Saturday,0,1.0704667499303695,14.495155559759514
2024-04-28,Toys,5,0,Sunday,0,0.9778053015491917,40.7681820847312
2024-04-29,Home Goods,4,0,Monday,0,0.9438049048492655,21.743327554800505
2024-04-30,Clothing,5,0,Tuesday,0,0.9725397295817659,39.86331189219667
2024-05-01,Electronics,2,0,Wednesday,0,0.9393400172691125,51.641814242227994
2024-05-02,Toys,4,0,Thursday,0,0.9556462289204916,49.83050166414741
2024-05-03,Electronics,2,0,Friday,0,0.9951254263749699,19.932473031021818
2024-05-04,Clothing,1,0,Saturday,0,1.062082380994611,26.274982572867568
2024-05-05,Clothing,4,0,Sunday,0,1.0904249575645917,18.120925248102598
2024-05-06,Toys,3,0,Monday,0,1.098202160617733,57.98775316201061
2024-05-07,Clothing,1,0,Tuesday,0,1.092169865767272,140.44100873191636
2024-05-08,Electronics,4,0,Wednesday,0,1.08182257862819,30.806835775661806
2024-05-09,Home Goods,5,0,Thursday,0,0.9417628951464999,27.182873592760505
2024-05-10,Electronics,1,0,Friday,0,0.976577570928465,57.99092274261513
2024-05-11,Electronics,4,0,Saturday,0,1.0325029852891459,41.68154527472576
2024-05-12,Clothing,1,1,Sunday,0,1.0143212134329416,52.19325683809621
2024-05-13,Electronics,4,0,Monday,0,1.0452181782995904,48.02570159708397
2024-05-14,Clothing,2,0,Tuesday,0,1.0790909860515507,35.34015011503476
2024-05-15,Electronics,2,0,Wednesday,0,0.9357374498617013,50.745524341751214
2024-05-16,Home Goods,3,0,Thursday,0,1.0315522934083161,18.123649199488813
2024-05-17,Home Goods,1,0,Friday,0,1.057655446751204,38.060183388646045
2024-05-18,Electronics,5,0,Saturday,0,1.0346960149480164,46.21656849378758
2024-05-19,Home Goods,1,0,Sunday,0,1.0078968066462128,32.62390589948986
2024-05-20,Home Goods,4,0,Monday,0,1.0876763785506929,22.65579978597874
2024-05-21,Electronics,5,0,Tuesday,0,0.9301574431810363,41.68724123750395
2024-05-22,Home Goods,5,0,Wednesday,0,0.9416228337330306,12.687594614614591
2024-05-23,Clothing,5,0,Thursday,0,,18.12538283628762
2024-05-24,Electronics,2,0,Friday,0,0.9507005548919244,50.751765434228474
2024-05-25,Clothing,1,0,Saturday,0,0.96310608583207,26.282523377741242
2024-05-26,Toys,2,1,Sunday,0,1.0074808117586591,71.77945846203534
2024-05-27,Clothing,2,0,Monday,0,1.045938341428979,47.128571256887874
2024-05-28,Toys,3,0,Tuesday,0,0.9315494635985746,23.564607624761017
2024-05-29,Electronics,4,0,Wednesday,0,1.0340506330069232,26.283959966879348
2024-05-30,Home Goods,1,0,Thursday,0,1.0945531475810946,19.939828302811215
2024-05-31,Toys,5,0,Friday,0,0.9545298306546021,35.34836046016826
2024-06-01,Clothing,4,0,Saturday,0,1.093196150247918,14.502089633248861
2024-06-02,Electronics,3,0,Sunday,0,1.0772298862345104,0.0
2024-06-03,Home Goods,5,0,Monday,0,1.0042909523799544,9.064053728870956
2024-06-04,Home Goods,1,0,Tuesday,0,0.9018952117396257,17.221937412364102
2024-06-05,Toys,5,0,Wednesday,0,1.0493865832626696,29.912194764312552
2024-06-06,Home Goods,2,0,Thursday,0,1.0056067059067555,17.222408077029687
2024-06-07,Clothing,1,0,Friday,0,0.9984401428310885,16.31618849764996
2024-06-08,Clothing,1,0,Saturday,0,0.9497605811777601,25.38108448040162
2024-06-09,Toys,5,0,Sunday,0,1.055718527056237,41.69806571130142
2024-06-10,Home Goods,4,0,Monday,0,,22.662301901250146
2024-06-11,Home Goods,4,0,Tuesday,0,1.0471542872332673,28.101638349687732
2024-06-12,Clothing,3,0,Wednesday,0,0.9399236313859982,7.252134799244486
2024-06-13,Home Goods,5,0,Thursday,0,1.0720032427209234,18.130584741744645
2024-06-14,Clothing,5,0,Friday,0,,14.504665991010711
2024-06-15,Clothing,5,0,Saturday,0,0.9373810291777558,32.63594443050149
2024-06-16,Home Goods,4,0,Sunday,0,0.971150893243935,18.13132799295701
2024-06-17,Home Goods,4,0,Monday,0,1.0582816220203655,0.9065787875065989
2024-06-18,Electronics,1,0,Tuesday,0,,52.58228818100809
2024-06-19,Toys,4,0,Wednesday,0,0.9301271227040758,31.731124730617307
2024-06-20,Electronics,2,0,Thursday,0,0.9046397942055686,38.077869988137145
2024-06-21,Electronics,3,0,Friday,0,1.0902589618956227,45.33141703171829
2024-06-22,Toys,3,0,Saturday,0,1.0983771984878146,15.41289239877171
2024-06-23,Clothing,3,0,Sunday,0,0.9958298369990095,26.292940428204417
2024-06-24,Electronics,2,0,Monday,0,1.047213186964972,33.546623768533706
2024-06-25,Toys,5,0,Tuesday,0,1.032977160159673,54.400673788240866
2024-06-26,Home Goods,5,0,Wednesday,0,0.9061925797185995,24.48063771803067
2024-06-27,Clothing,3,0,Thursday,0,1.050431769338548,33.547998989969855
2024-06-28,Clothing,5,0,Friday,0,,37.17531767014515
2024-06-29,Electronics,1,0,Saturday,0,0.9796104420362977,47.149827660816015
2024-06-30,Electronics,2,0,Sunday,0,0.9894629229841055,51.684171169286216
2024-07-01,Toys,4,0,Monday,0,1.0354820759081496,30.22507451013353
2024-07-02,Electronics,2,0,Tuesday,0,1.0489725253028226,71.53365380538966
2024-07-03,Toys,1,1,Wednesday,0,1.096940505163201,60.451801084636585
2024-07-04,Toys,4,0,Thursday,0,1.0130337636658004,34.256488709126394
2024-07-05,Clothing,4,0,Friday,0,1.0104256206081432,62.46856830062785
2024-07-06,Clothing,2,0,Saturday,0,1.0311168296619149,18.13628377975418
2024-07-07,Electronics,2,0,Sunday,0,1.0155106122408624,60.455105348826486
2024-07-08,Toys,4,0,Monday,0,1.0004068659691163,32.24316343631669
2024-07-09,Electronics,4,0,Tuesday,0,0.9284011023257684,34.25882927756796
2024-07-10,Home Goods,2,0,Wednesday,0,1.0344150466597513,34.259297410446194
2024-07-11,Home Goods,3,1,Thursday,0,1.0801240980231495,15.7191865463427
2024-07-12,Toys,5,1,Friday,0,1.0338474042128514,60.45923593304696
2024-07-13,Home Goods,5,0,Saturday,0,0.9201874811071785,12.092012416751402
2024-07-14,Toys,3,0,Sunday,0,1.0164111807128773,48.368710596604856
2024-07-15,Electronics,5,0,Monday,0,0.952796905375466,42.323200093331
2024-07-16,Electronics,2,0,Tuesday,0,0.9636453576221395,59.454831593561465
2024-07-17,Home Goods,3,0,Wednesday,0,0.9140791695076995,17.131287259855178
2024-07-18,Clothing,2,0,Thursday,0,1.0518217364184834,15.116048251661377
2024-07-19,Electronics,4,0,Friday,0,0.9607653019751368,33.25576057380056
2024-07-20,Home Goods,5,0,Saturday,0,,13.100933181879466
2024-07-21,Home Goods,3,0,Sunday,0,0.9078690307439714,4.031111446390317
2024-07-22,Electronics,4,0,Monday,0,1.0960748683069732,74.5765808027448
2024-07-23,Clothing,3,0,Tuesday,0,1.0977476744997183,2.0156108070592853
2024-07-24,Electronics,5,0,Wednesday,0,1.0052711572445054,65.5082463605659
2024-07-25,Clothing,2,0,Thursday,0,1.0881990979034726,20.156658924288195
2024-07-26,Electronics,3,1,Friday,0,1.0555802418448264,78.61204399144695
2024-07-27,Electronics,4,0,Saturday,0,0.9617757482609333,56.440187420506454
2024-07-28,Home Goods,4,0,Sunday,0,0.9022611081476656,24.188982279670192
2024-07-29,Toys,1,0,Monday,0,1.0278724576589138,56.44172989515966
2024-07-30,Toys,5,1,Tuesday,0,1.034765137647621,10.88533950717104
2024-07-31,Toys,4,0,Wednesday,0,0.9738343960544169,66.52242819981912
2024-08-01,Clothing,2,0,Thursday,0,1.0511181021972489,28.222021843090104
2024-08-02,Toys,1,1,Friday,0,0.98481067321913,53.219396972592854
2024-08-03,Electronics,2,0,Saturday,0,0.9808645717242495,56.44558626622272
2024-08-04,Clothing,5,0,Sunday,0,0.9839595218233977,52.41447488833498
2024-08-05,Clothing,3,0,Monday,0,1.064983291831096,28.223564444211487
2024-08-06,Electronics,1,0,Tuesday,0,0.954424177360044,52.41590734280885
2024-08-07,Electronics,3,0,Wednesday,0,0.9172410610894867,39.312467688544686
2024-08-08,Clothing,3,0,Thursday,0,0.9120861249676456,40.32103064340831
2024-08-09,Home Goods,2,0,Friday,0,1.0906489036854223,23.18490942792732
2024-08-10,Electronics,2,0,Saturday,0,1.0559980942095901,42.33823922127845
2024-08-11,Clothing,5,0,Sunday,0,0.9569491662487828,42.338817755986256
2024-08-12,Electronics,1,1,Monday,0,,84.678792597199
2024-08-13,Home Goods,2,0,Tuesday,0,0.9996058225260597,18.145703506764985
2024-08-14,Home Goods,4,0,Wednesday,0,0.9447891205824495,33.26757767735502
2024-08-15,Electronics,5,0,Thursday,0,0.9330787628257609,69.56043109993416
2024-08-16,Electronics,4,0,Friday,0,,52.423070202420746
2024-08-17,Toys,5,0,Saturday,0,1.0753669609051186,35.28524094187594
2024-08-18,Toys,2,0,Sunday,0,1.0310508907136833,38.31021365169936
2024-08-19,Home Goods,1,0,Monday,0,1.0700764221536776,27.220786918877344
2024-08-20,Home Goods,5,0,Tuesday,0,1.0395011473243858,40.32764278487076
2024-08-21,Home Goods,4,0,Wednesday,0,0.9153212045886814,23.18871146122075
2024-08-22,Home Goods,3,0,Thursday,0,0.9505606174516175,7.057530359925826
2024-08-23,Electronics,1,0,Friday,0,1.0333170955306914,76.62566238033983
2024-08-24,Home Goods,3,0,Saturday,0,0.9871458584778865,8.065969414594692
2024-08-25,Home Goods,3,0,Sunday,0,1.011978238604088,19.156939127816727
2024-08-26,Toys,5,0,Monday,0,1.0848794379626354,38.314401799096046
2024-08-27,Electronics,5,0,Tuesday,0,1.095489996031391,75.62156319022229
2024-08-28,Home Goods,4,0,Wednesday,0,1.0231439976482404,25.20753217597587
2024-08-29,Home Goods,4,0,Thursday,0,0.955462922922654,33.274397147091356
2024-08-30,Toys,3,1,Friday,0,1.0367255859933486,0.0
2024-08-31,Toys,1,0,Saturday,0,1.0391941967906275,57.47552943558154
2024-09-01,Home Goods,2,1,Sunday,0,1.0411316766683816,19.360442885107766
2024-09-02,Toys,5,0,Monday,0,0.9492923069007648,36.30132644556487
2024-09-03,Electronics,5,0,Tuesday,0,1.0937434942933633,0.0
2024-09-04,Toys,5,0,Wednesday,0,1.0684064682964072,52.43668233248606
2024-09-05,Clothing,2,0,Thursday,0,0.9905323896723153,40.33646066021937
2024-09-06,Clothing,2,0,Friday,0,0.9482852281254854,59.49709246612779
2024-09-07,Electronics,2,0,Saturday,0,1.0750399960807044,53.44727101501161
2024-09-08,Electronics,4,0,Sunday,0,1.031803398090605,50.42264278310509
2024-09-09,Toys,4,0,Monday,0,1.0192642483230792,49.41486515212066
2024-09-10,Electronics,3,0,Tuesday,0,1.0057780333273012,63.53426621060357
2024-09-11,Clothing,5,0,Wednesday,0,1.0849372987773862,1.0084941965133905
2024-09-12,Electronics,3,0,Thursday,0,0.9495498232163642,79.67213019672695
2024-09-13,Home Goods,4,0,Friday,0,0.9036534162908518,34.28973977276277
2024-09-14,Toys,4,0,Saturday,0,1.007097462937742,52.443848031089814
2024-09-15,Electronics,3,0,Sunday,0,0.9296328647694061,40.34197281138867
2024-09-16,Clothing,5,0,Monday,0,0.900728028552381,31.265456152648206
2024-09-17,Electronics,5,0,Tuesday,0,0.9162480305579482,51.43742104831319
2024-09-18,Home Goods,5,0,Wednesday,0,1.0088392278687763,22.188994631991182
2024-09-19,Electronics,4,0,Thursday,0,0.9529703080773434,54.464640141730335
2024-09-20,Electronics,3,0,Friday,0,0.9268814492401085,65.56018490033854
2024-09-21,Electronics,2,0,Saturday,0,0.9537572197512928,26.224432301371262
2024-09-22,Toys,5,0,Sunday,0,0.9282065992725367,61.527393442220195
2024-09-23,Home Goods,4,0,Monday,0,0.9614096155869212,6.051957461199872
2024-09-24,Home Goods,4,0,Tuesday,0,0.9637848936277557,43.372954470835346
2024-09-25,Electronics,3,0,Wednesday,0,1.0072955498487175,61.52991571662122
2024-09-26,Electronics,3,0,Thursday,0,0.9253434838849459,40.34803704769327
2024-09-27,Clothing,4,0,Friday,0,0.9149299689007587,17.1481500645188
2024-09-28,Home Goods,4,0,Saturday,0,1.0204886306344236,34.29676877393968
2024-09-29,Clothing,5,0,Sunday,0,0.9491020579551953,85.743093563114
2024-09-30,Electronics,3,0,Monday,0,1.0941353047933322,46.40277881811619
2024-10-01,Electronics,2,0,Tuesday,0,0.9752062094356293,85.94719083677369
2024-10-02,Clothing,1,0,Wednesday,0,0.9632364072338119,27.842428186041435
2024-10-03,Home Goods,5,1,Thursday,0,0.9028673213128652,56.654062800813236
2024-10-04,Electronics,5,0,Friday,0,0.9979306608451095,100.47759545507215
2024-10-05,Toys,3,0,Saturday,0,1.0002025211102,46.00241928591294
2024-10-06,Home Goods,3,0,Sunday,0,0.9824335739434009,32.686376132468894
2024-10-07,Toys,5,0,Monday,0,0.9558069063627622,37.529315041888005
2024-10-08,Toys,2,0,Tuesday,0,1.0106493332310122,54.478782384119185
2024-10-09,Electronics,3,0,Wednesday,0,1.0867690328868393,48.426246057226294
2024-10-10,Toys,1,1,Thursday,0,0.9071751244327075,40.678602536926526
2024-10-11,Toys,3,0,Friday,0,0.9122288883722973,19.371027806370673
2024-10-12,Toys,3,0,Saturday,0,0.9233761234321105,21.792704066478134
2024-10-13,Home Goods,3,0,Sunday,0,1.081186754028687,30.26805813174773
2024-10-14,Electronics,2,1,Monday,0,1.0903388234576727,88.62608523238485
2024-10-15,Home Goods,2,0,Tuesday,0,1.0437125037208335,19.37208661673453
2024-10-16,Toys,3,0,Wednesday,0,1.077251559099332,27.847755034529275
2024-10-17,Toys,3,1,Thursday,0,0.9094869612290161,87.1767721962856
2024-10-18,Toys,4,0,Friday,0,1.0966781159299381,65.3834725733939
2024-10-19,Clothing,5,0,Saturday,0,1.0855084170510032,33.90300459870173
2024-10-20,Electronics,1,0,Sunday,0,1.0232154900242207,65.38525946237837
2024-10-21,Home Goods,2,0,Monday,0,1.0827702893093305,18.16282025699541
2024-10-22,Clothing,5,0,Tuesday,0,1.0759005540058593,42.380493037164975
2024-10-23,Toys,2,0,Wednesday,0,0.9659167929277717,43.591959924946856
2024-10-24,Clothing,3,0,Thursday,0,1.079979122564725,53.27979016706484
2024-10-25,Electronics,5,0,Friday,0,0.9503480836649294,49.64775560811553
2024-10-26,Electronics,4,0,Saturday,0,1.0889515750855863,67.81249525280163
2024-10-27,Home Goods,3,1,Sunday,0,1.0054123129088088,0.0
2024-10-28,Electronics,5,0,Monday,0,1.0406501456927306,65.39240750667508
2024-10-29,Toys,3,0,Tuesday,0,1.0613921551414405,284.58195834780554
2024-10-30,Clothing,4,0,Wednesday,0,0.9424195506721592,25.43107569327331
2024-10-31,Electronics,1,1,Thursday,0,1.0763054713197837,113.35148625622693
2024-11-01,Electronics,2,0,Friday,0,1.0751778214968455,38.75317441295255
2024-11-02,Clothing,3,0,Saturday,0,0.9808678345527405,0.0
2024-11-03,Electronics,4,0,Sunday,0,1.02366481805526,87.19702540361568
2024-11-04,Home Goods,1,0,Monday,0,0.9288887394588337,15.74412249859109
2024-11-05,Toys,5,0,Tuesday,0,0.9912396858419222,53.288527381963696
2024-11-06,Home Goods,5,0,Wednesday,0,1.0780428547442393,26.644627773938357
2024-11-07,Clothing,3,0,Thursday,0,1.0013148700374324,14.533631924656314
2024-11-08,Toys,4,0,Friday,0,0.9269395755177036,81.1472204077287
2024-11-09,Electronics,4,0,Saturday,0,0.9428018002363516,53.29144010531686
2024-11-10,Home Goods,1,0,Sunday,0,1.0949344933807064,16.95659900805534
2024-11-11,Electronics,5,0,Monday,0,0.9411199935524022,113.85300621612305
2024-11-12,Electronics,1,1,Tuesday,0,1.0948913930796838,18.895012412183167
2024-11-13,Toys,5,0,Wednesday,0,0.9638551334529304,58.13929416859418
2024-11-14,Toys,4,0,Thursday,0,0.9476818945703841,52.083829387182014
2024-11-15,Clothing,4,0,Friday,0,0.9824842580187962,6.056341987370939
2024-11-16,Home Goods,3,0,Saturday,0,1.0364191386704056,35.1272635198692
2024-11-17,Electronics,5,0,Sunday,0,1.0886002638964258,47.240758526285816
2024-11-18,Home Goods,5,0,Monday,0,1.0087544595476239,29.071633262715746
2024-11-19,Home Goods,2,0,Tuesday,0,1.031702441215248,0.0
2024-11-20,Home Goods,1,0,Wednesday,0,0.985357991672905,16.95891620038009
2024-11-21,Toys,3,0,Thursday,0,1.0757652097852133,54.51154694044664
2024-11-22,Clothing,3,0,Friday,0,1.0385785759760982,33.91875935368436
2024-11-23,Toys,5,0,Saturday,0,0.9425975707302858,16.959611419823144
2024-11-24,Toys,4,0,Sunday,0,1.0727734156551412,26.65118211795409
2024-11-25,Toys,3,0,Monday,0,0.9657761741043361,59.36026220349798
2024-11-26,Clothing,3,0,Tuesday,0,0.9949087463430576,46.035118098222675
2024-11-27,Toys,4,0,Wednesday,0,0.917330958986374,58.150417451705714
2024-11-28,Electronics,4,0,Thursday,0,0.962268760255976,71.47753148225048
2024-11-29,Home Goods,5,0,Friday,0,0.9805983111575839,33.92200388842116
2024-11-30,Toys,1,0,Saturday,0,0.9256324006855383,53.30673451512881
2024-12-01,Electronics,4,0,Sunday,0,0.9332577322316062,46.03826343940283
2024-12-02,Home Goods,5,1,Monday,0,1.025259766066783,46.52351245483147
2024-12-03,Electronics,4,1,Tuesday,0,0.9512687910142519,20.354314828568338
2024-12-04,Toys,2,0,Wednesday,0,1.0934570917315813,63.00231154888802
2024-12-05,Toys,1,0,Thursday,0,0.9889862181439604,37.55958357577396
2024-12-06,Home Goods,3,0,Friday,0,1.096361924665427,26.65555257633507
2024-12-07,Clothing,5,0,Saturday,0,1.0581292688420532,66.63979203387395
2024-12-08,Home Goods,1,0,Sunday,0,1.0668494477816999,31.50287761133056
2024-12-09,Home Goods,2,0,Monday,0,1.0408280139216723,13.328322651455062
2024-12-10,Electronics,5,0,Tuesday,0,0.9672728796896717,110.26308497773289
2024-12-11,Electronics,2,0,Wednesday,0,1.0416349591349987,10.905289286800839
2024-12-12,Electronics,1,0,Thursday,0,1.066962589185368,43.62175321245946
2024-12-13,Electronics,1,0,Friday,0,1.0813865260335223,93.3033581947573
2024-12-14,Clothing,2,0,Saturday,0,1.0967917432722445,31.50546054312709
2024-12-15,Electronics,5,1,Sunday,0,1.0639887501228087,81.43061071991653
2024-12-16,Electronics,3,0,Monday,0,0.993210699697004,37.56522956119391
2024-12-17,Home Goods,3,0,Tuesday,0,1.010615737097604,26.65955945944929
2024-12-18,Toys,4,0,Wednesday,0,1.0613068659557086,69.07343881048746
2024-12-19,Clothing,1,0,Thursday,0,1.0482504236436483,21.812962948659038
2024-12-20,Home Goods,2,0,Friday,0,0.9369741363509233,23.025108847972408
2024-12-21,Electronics,1,1,Saturday,0,0.9823782366460027,82.89152451597417
2024-12-22,Clothing,2,0,Sunday,0,0.9972022806930805,58.17028575068426
2024-12-23,Home Goods,3,0,Monday,0,0.9406176305558799,8.483282590974776
2024-12-24,Clothing,4,1,Tuesday,0,0.9825452591147698,30.540234641611498
2024-12-25,Home Goods,1,0,Wednesday,0,1.061040366266272,46.05336406880228
2024-12-26,Electronics,3,0,Thursday,0,0.9441492139586541,72.7168316355321
2024-12-27,Home Goods,3,0,Friday,0,1.0299788466572728,7.2717825281269795
2024-12-28,Electronics,3,0,Saturday,0,0.9810300426557645,44.84327168002756
2024-12-29,Clothing,3,0,Sunday,0,1.0892141609471369,25.45193441471752
2024-12-30,Toys,1,0,Monday,0,1.0560503559910825,84.84094068327518
2024-12-31,Electronics,1,0,Tuesday,0,1.007898358838624,63.02555999999998
2025-01-01,Clothing,1,0,Wednesday,0,0.9930916468892248,39.59352102186431
2025-01-02,Home Goods,4,0,Thursday,0,1.0011967033765319,10.50454707478733
2025-01-03,Electronics,5,0,Friday,0,0.927437194045014,24.241593727207093
2025-01-04,Home Goods,1,0,Saturday,0,0.945906542938188,16.161283319108055
2025-01-05,Electronics,4,0,Sunday,0,0.9915537702771987,24.24225623464349
2025-01-06,Toys,2,0,Monday,0,1.0231630832046683,38.7881399922422
2025-01-07,Toys,1,0,Tuesday,0,0.9674013552804266,38.788670016297274
2025-01-08,Clothing,2,0,Wednesday,0,1.0240315043643968,29.90000837002108
2025-01-09,Home Goods,3,0,Thursday,0,1.0717776002271298,8.889313144739317
2025-01-10,Clothing,1,0,Friday,0,1.0063496706184871,33.94147761542848
2025-01-11,Toys,3,0,Saturday,0,,40.407073109316855
2025-01-12,Toys,5,0,Sunday,0,1.0858072502419032,45.2565402860819
2025-01-13,Toys,1,0,Monday,0,0.9791881726072597,37.983686764543215
2025-01-14,Electronics,4,0,Tuesday,0,0.9799848541216555,43.64142793591509
2025-01-15,Home Goods,4,0,Wednesday,0,1.0810329401894623,16.971898330396808
2025-01-16,Electronics,3,1,Thursday,0,1.0488819725137541,63.03934090792019
2025-01-17,Home Goods,2,0,Friday,0,0.903097080542804,18.588777605619185
2025-01-18,Home Goods,3,0,Saturday,0,1.007922251312009,28.287656803389343
2025-01-19,Home Goods,4,0,Sunday,0,1.0190686568342966,17.781055815373723
2025-01-20,Clothing,3,0,Monday,0,1.0504216514198093,15.356576224465119
2025-01-21,Clothing,1,1,Tuesday,0,1.0291602244303903,43.64560250278014
2025-01-22,Home Goods,3,0,Wednesday,0,1.04643548726475,23.439625336297937
2025-01-23,Home Goods,4,0,Thursday,0,0.9193280499585798,9.699287846558546
2025-01-24,Electronics,5,0,Friday,0,1.0590045908934065,51.73024204456837
2025-01-25,Home Goods,2,0,Saturday,0,0.9701140057520472,17.78251369027036
2025-01-26,Electronics,1,0,Sunday,0,0.9847403078542105,31.52397775275391
2025-01-27,Home Goods,2,0,Monday,0,0.9255351943446531,2.4249545011542746
2025-01-28,Toys,3,0,Tuesday,0,0.9420758414926489,48.49975274329756
2025-01-29,Electronics,4,0,Wednesday,0,0.9910856104215675,63.85888037221115
2025-01-30,Home Goods,3,1,Thursday,0,0.9325100992324592,12.610280334831202
2025-01-31,Clothing,5,0,Friday,0,0.9959744812189582,25.059232828439022
2025-02-01,Home Goods,5,0,Saturday,0,0.9489070783238523,14.550721114411528
2025-02-02,Toys,3,0,Sunday,0,1.0077862985346215,29.101839888118448
2025-02-03,Toys,4,0,Monday,0,1.0340624146311637,12.125932313686533
2025-02-04,Clothing,5,0,Tuesday,0,,17.784943747395516
2025-02-05,Home Goods,2,0,Wednesday,0,1.065919763786884,41.229296606361345
2025-02-06,Electronics,4,0,Thursday,0,0.9908723577110445,58.206861159278496
2025-02-07,Home Goods,1,0,Friday,0,1.009671855449559,21.019431525520016
2025-02-08,Clothing,1,0,Saturday,0,0.9224127157009943,27.487324515892897
2025-02-09,Toys,1,0,Sunday,0,0.9582540428600134,12.935388291261402
2025-02-10,Home Goods,3,0,Monday,0,0.9615518855771354,12.935565048047302
2025-02-11,Toys,1,0,Tuesday,0,0.9789183061553645,22.637548162684897
2025-02-12,Toys,4,0,Wednesday,0,1.0399515295012292,35.57377606437893
2025-02-13,Home Goods,2,0,Thursday,0,0.9718800649535337,14.553107249509118
2025-02-14,Clothing,3,0,Friday,0,0.92942853141519,24.255510186270616
2025-02-15,Electronics,5,0,Saturday,0,1.0630740705590438,24.255841627888323
2025-02-16,Toys,1,0,Sunday,0,1.0355596801871583,35.57572050858473
2025-02-17,Home Goods,1,0,Monday,0,0.9880039252403425,0.0
2025-02-18,Clothing,2,0,Tuesday,0,0.9312387350014291,17.78834638527157
2025-02-19,Clothing,3,0,Wednesday,0,0.9098618184333793,35.577178911486534
2025-02-20,Toys,3,0,Thursday,0,0.9319280588131265,39.62058154305839
2025-02-21,Toys,2,1,Friday,0,0.9144695744406827,57.248479679586225
2025-02-22,Electronics,2,0,Saturday,0,1.0744625880293817,18.597924081954897
2025-02-23,Home Goods,3,0,Sunday,0,1.0296897713932163,3.2344657765172906
2025-02-24,Clothing,1,0,Monday,0,1.001524998838656,27.493334780428842
2025-02-25,Home Goods,3,1,Tuesday,0,1.0043577144774591,5.822197510361129
2025-02-26,Home Goods,1,0,Wednesday,0,1.0019036665126109,19.40759022768931
2025-02-27,Home Goods,3,0,Thursday,0,1.0640993943946717,22.642497995209492
2025-02-28,Electronics,5,0,Friday,0,0.9156331038192688,58.22436187459516
2025-03-01,Toys,1,0,Saturday,0,1.017669200916968,28.303896000462657
2025-03-02,Home Goods,2,1,Sunday,0,1.0036605127439768,5.822595310960864
2025-03-03,Home Goods,1,0,Monday,0,0.9266783174434016,0.0
2025-03-04,Toys,1,0,Tuesday,0,1.0218265389187535,47.71423776247868
2025-03-05,Clothing,1,0,Wednesday,0,0.9836160557154263,14.55708501091705
2025-03-06,Electronics,1,1,Thursday,0,0.9672438884729132,67.93399166178231
2025-03-07,Electronics,1,0,Friday,0,0.9841590016827111,34.77620902303207
2025-03-08,Clothing,4,1,Saturday,0,1.0412841911417374,18.439730240599864
2025-03-09,Home Goods,5,1,Sunday,0,0.923363960948798,10.675779175348337
2025-03-10,Home Goods,3,0,Monday,0,1.038882847914224,15.366861822311524
2025-03-11,Toys,4,0,Tuesday,0,1.0052189237852684,20.21983132129987
2025-03-12,Home Goods,4,0,Wednesday,0,1.0732971321654097,21.837716226379325
2025-03-13,Toys,4,0,Thursday,0,0.9492051927793055,51.764182826269135
2025-03-14,Home Goods,4,0,Friday,0,0.9501619298851455,21.838313037362823
2025-03-15,Electronics,3,0,Saturday,0,0.9562686195267621,51.765597508671924
2025-03-16,Clothing,3,0,Sunday,0,1.0711163952216616,21.838909864656785
2025-03-17,Home Goods,4,0,Monday,0,0.9845440397107073,28.31008481313747
2025-03-18,Electronics,1,0,Tuesday,0,1.0779248942055102,37.20804846592728
2025-03-19,Home Goods,3,0,Wednesday,0,1.0431978864907672,15.368751762497624
2025-03-20,Clothing,4,0,Thursday,0,0.9504881556071472,29.9290308156512
2025-03-21,Home Goods,4,0,Friday,0,0.9478794552088597,0.0
2025-03-22,Electronics,2,0,Saturday,0,0.961022204792625,39.63682673244041
2025-03-23,Home Goods,4,1,Sunday,0,1.0124110998041147,14.560665925758016
2025-03-24,Home Goods,5,0,Monday,0,1.024301496067092,17.796612644919154
2025-03-25,Electronics,3,0,Tuesday,0,1.07486047793079,47.727931539654925
2025-03-26,Home Goods,4,0,Wednesday,0,0.9963394782206925,23.459812338080642
2025-03-27,Electronics,3,0,Thursday,0,1.098405855344882,23.460132906812973
2025-03-28,Electronics,5,0,Friday,0,1.0155372444416555,42.067020032970305
2025-03-29,Electronics,1,0,Saturday,0,0.955314838423922,55.0114702036032
2025-03-30,Home Goods,3,0,Sunday,0,0.9095467580951879,8.090032634238911
2025-03-31,Electronics,4,0,Monday,0,0.9860681757703601,10.517186135590165
2025-04-01,Toys,4,0,Tuesday,0,0.9142676702715109,48.238137863444045
2025-04-02,Toys,4,0,Wednesday,0,0.9521944206672737,21.843983555253583
2025-04-03,Clothing,3,0,Thursday,0,0.9555687629402699,36.4071367405784
2025-04-04,Home Goods,2,0,Friday,0,0.9631587110325102,13.652862835949513
2025-04-05,Toys,3,0,Saturday,0,1.0358763372859678,39.13874160396326
2025-04-06,Clothing,5,0,Sunday,0,0.9064856858447241,7.281725845366669
2025-04-07,Toys,2,0,Monday,0,1.0652561781398209,0.0
2025-04-08,Toys,1,0,Tuesday,0,1.0510365543610565,49.15299273974186
2025-04-09,Clothing,4,0,Wednesday,0,0.9879530251896105,34.58961568555817
2025-04-10,Toys,2,0,Thursday,0,1.0821704411835549,25.48743351257693
2025-04-11,Toys,5,0,Friday,0,0.9889508664938468,59.16806486482034
2025-04-12,Home Goods,1,0,Saturday,0,1.021998264621616,13.654355393586064
2025-04-13,Toys,2,0,Sunday,0,1.0032137725553958,46.425442714194574
2025-04-14,Electronics,5,0,Monday,0,1.0163694185281995,57.34985994565679
2025-04-15,Clothing,5,0,Tuesday,0,0.9619417278659014,21.847864231625444
2025-04-16,Electronics,4,0,Wednesday,0,1.0929860597721897,16.38612208031006
2025-04-17,Clothing,4,0,Thursday,0,0.947216580635515,14.565640879965008
2025-04-18,Clothing,4,0,Friday,0,1.0835858396126854,2.731094983778473
2025-04-19,Electronics,2,0,Saturday,0,1.0827553880142777,70.09906244555197
2025-04-20,Clothing,1,0,Sunday,0,1.0726737813806717,15.47662786297752
2025-04-21,Home Goods,3,0,Monday,0,0.992376954634804,6.372816200784318
2025-04-22,Clothing,3,0,Tuesday,0,1.0685942214140312,18.208295093454257
2025-04-23,Electronics,3,0,Wednesday,0,1.0575434625229523,21.85025268282378
2025-04-24,Home Goods,3,1,Thursday,0,0.9146172376499945,5.462637814395573
2025-04-25,Home Goods,4,0,Friday,0,0.9056341228483813,9.104520765175295
2025-04-26,Toys,1,0,Saturday,0,0.9477549802832049,19.119754866921696
2025-04-27,Toys,1,0,Sunday,0,1.0395463621982168,0.0
2025-04-28,Electronics,2,0,Monday,0,0.9756543991319719,39.15104419537019
2025-04-29,Home Goods,1,0,Tuesday,0,1.056370654966418,19.12053866850269
2025-04-30,Home Goods,3,0,Wednesday,0,0.9824912721844706,22.762857074805485
2025-05-01,Clothing,4,1,Thursday,0,1.0727544527007278,20.760009325375645
2025-05-02,Clothing,2,0,Friday,0,0.9056461737992755,20.031861668987254
2025-05-03,Home Goods,4,0,Saturday,0,0.9245731682440474,35.51151274776819
2025-05-04,Clothing,3,0,Sunday,0,1.045091064908251,40.97538230544606
2025-05-05,Home Goods,5,0,Monday,0,1.0329509428991916,0.0
2025-05-06,Home Goods,4,0,Tuesday,0,1.079821070510589,27.317668091165935
2025-05-07,Clothing,1,0,Wednesday,0,0.9404885574986033,22.765034479931597
2025-05-08,Clothing,1,0,Thursday,0,1.0060395920837673,23.675959377001263
2025-05-09,Toys,5,0,Friday,0,1.0763089151275131,21.855030368579445
2025-05-10,Clothing,5,0,Saturday,0,1.0807741227156153,27.319161260778845
2025-05-11,Toys,5,0,Sunday,0,0.9405551787262488,49.17516221868189
2025-05-12,Home Goods,2,0,Monday,0,1.0702805966737037,18.213271917460652
2025-05-13,Clothing,3,0,Tuesday,0,1.0400345108960511,12.749464556056063
2025-05-14,Electronics,2,0,Wednesday,0,0.9959632808542276,54.64130902401528
2025-05-15,Electronics,5,0,Thursday,0,1.0492451309065762,49.17785010762211
2025-05-16,Home Goods,1,0,Friday,0,1.0776749118746625,23.678547679132134
2025-05-17,Electronics,4,0,Saturday,0,1.099404379203224,32.786129404790806
2025-05-18,Toys,4,0,Sunday,0,1.0856231899759905,40.07248350578993
2025-05-19,Electronics,3,0,Monday,0,1.0699510175687248,44.62678461167716
2025-05-20,Clothing,1,0,Tuesday,0,1.0593171334164904,16.393736725134215
2025-05-21,Toys,3,0,Wednesday,0,1.0681503945470092,30.9663702844676
2025-05-22,Home Goods,2,1,Thursday,0,1.0657357622271837,0.0
2025-05-23,Toys,5,0,Friday,0,1.0589902013952939,25.50241365065668
2025-05-24,Toys,3,0,Saturday,0,1.0144694525103504,13.662193998589181
2025-05-25,Clothing,1,0,Sunday,0,0.9232739627520119,25.50311061550477
2025-05-26,Electronics,2,1,Monday,0,0.943337880516196,65.58032341304136
2025-05-27,Toys,3,0,Tuesday,0,1.0451457234135573,13.662754071107397
2025-05-28,Clothing,2,0,Wednesday,0,1.0278309106932775,42.810547736753314
2025-05-29,Toys,4,0,Thursday,0,0.9723664134101997,19.128378451758227
2025-05-30,Toys,2,1,Friday,0,0.9897107786335968,19.675172399882992
2025-05-31,Electronics,4,1,Saturday,0,0.9160599998527582,74.32944473378147
2025-06-01,Home Goods,3,0,Sunday,0,0.9512909068719085,9.10912505088444
2025-06-02,Toys,4,0,Monday,0,1.0176091171085202,43.72439771207732
2025-06-03,Clothing,5,0,Tuesday,0,1.0296826339478489,30.060934191800516
2025-06-04,Electronics,4,0,Wednesday,0,1.0433799433501052,69.2321883977037
2025-06-05,Toys,1,0,Thursday,0,0.9022724321235344,36.438491803798925
2025-06-06,Clothing,1,0,Friday,0,1.0489784535342883,27.329242290655003
2025-06-07,Home Goods,2,0,Saturday,0,1.0380689520424922,21.86369258685095
2025-06-08,Toys,1,0,Sunday,0,1.0851534711011366,38.26198485420543
2025-06-09,Electronics,3,0,Monday,0,1.017092738593059,50.10566483026491
2025-06-10,Home Goods,4,1,Tuesday,0,,1.0932294437163068
2025-06-11,Clothing,4,0,Wednesday,0,0.9886618870123092,20.042813674567604
2025-06-12,Toys,2,0,Thursday,0,0.991456313727981,35.53092793204845
2025-06-13,Home Goods,1,0,Friday,0,1.0810962618084263,13.665928249090026
2025-06-14,Electronics,1,1,Saturday,0,1.0775071102329203,83.08997912950484
2025-06-15,Toys,5,0,Sunday,0,1.0370997002230937,20.043909204399665
2025-06-16,Clothing,4,0,Monday,0,0.9140384442720376,31.888473107613134
2025-06-17,Toys,5,0,Tuesday,0,0.9503119433077089,26.42223876187982
2025-06-18,Toys,5,0,Wednesday,0,1.0408750809752185,34.62271699366722
2025-06-19,Clothing,2,0,Thursday,0,1.0862162922115104,47.37910224063029
2025-06-20,Home Goods,3,0,Friday,0,0.9190119066596617,16.400682573461925
2025-06-21,Toys,5,0,Saturday,0,0.9131937280896189,53.75852745791471
2025-06-22,Home Goods,5,0,Sunday,0,1.0571919515344055,16.401130793751776
2025-06-23,Electronics,3,0,Monday,0,1.003006736249113,11.845422989465197
2025-06-24,Home Goods,2,1,Tuesday,0,0.9202747417286893,30.61628084907692
2025-06-25,Home Goods,3,0,Wednesday,0,1.0828021081224177,14.57938057524855
2025-06-26,Electronics,2,0,Thursday,0,0.9710362136450174,20.04692222020956
2025-06-27,Toys,4,0,Friday,0,0.953662997369849,40.09439230639099
2025-06-28,Home Goods,1,0,Saturday,0,0.9611932793859648,15.491226887669018
2025-06-29,Home Goods,1,0,Sunday,0,0.942623868815464,0.9112610922907711
2025-06-30,Toys,3,0,Monday,0,0.9860394095516372,1.822547088601145
2025-07-01,Toys,5,0,Tuesday,0,0.9642770548425801,10.125399960894732
2025-07-02,Home Goods,3,0,Wednesday,0,1.0361930438214724,15.188307480510549
2025-07-03,Electronics,5,0,Thursday,0,1.0721798319506768,59.741492421892104
2025-07-04,Toys,2,0,Friday,0,0.9617335606323615,34.42777115267202
2025-07-05,Clothing,5,0,Saturday,0,1.0352657588083036,35.440836935073946
2025-07-06,Clothing,1,0,Sunday,0,0.9736338852543003,29.365666153385305
2025-07-07,Clothing,3,0,Monday,0,1.0965218977853135,36.45442852534237
2025-07-08,Clothing,1,0,Tuesday,0,0.9110979433141267,30.379105550154627
2025-07-09,Home Goods,3,0,Wednesday,0,1.0640987843781118,16.20241102303802
2025-07-10,Home Goods,1,0,Thursday,0,1.035740159652153,42.53191010867452
2025-07-11,Toys,3,0,Friday,0,1.061045647081674,30.380350921296944
2025-07-12,Electronics,2,0,Saturday,0,1.0530657176839215,28.35538165259902
2025-07-13,Electronics,1,0,Sunday,0,1.0362434773074607,47.5971838754377
2025-07-14,Toys,3,0,Monday,0,1.01932178254636,30.38159634349242
2025-07-15,Clothing,1,0,Tuesday,0,0.9217397816832501,38.48388122772169
2025-07-16,Electronics,4,0,Wednesday,0,1.0819284701853844,28.35693154309864
2025-07-17,Home Goods,2,1,Thursday,0,0.9404089932267926,31.59815548941287
2025-07-18,Electronics,2,0,Friday,0,0.9598520202216664,47.60043594448166
2025-07-19,Clothing,4,1,Saturday,0,,30.383672160608686
2025-07-20,Clothing,2,1,Sunday,0,0.9378335660140737,17.01508891098868
2025-07-21,Home Goods,3,0,Monday,0,1.0721123821817766,26.333235523544744
2025-07-22,Electronics,1,0,Tuesday,0,0.9090295755538099,14.179628268846205
2025-07-23,Toys,5,0,Wednesday,0,0.9058317138001348,34.436710638607885
2025-07-24,Toys,2,0,Thursday,0,1.0681794919414136,43.55290563802854
2025-07-25,Electronics,2,0,Friday,0,0.9569902699455238,35.45052388309186
2025-07-26,Toys,5,0,Saturday,0,1.0066383876379406,48.618525668556416
2025-07-27,Home Goods,4,0,Sunday,0,1.0014331167569754,15.193496881502405
2025-07-28,Electronics,2,0,Monday,0,0.9072075992269473,32.41323625475805
2025-07-29,Clothing,3,0,Tuesday,0,0.9238518301524615,19.2456220062156
2025-07-30,Electronics,4,0,Wednesday,0,0.9559476332883886,72.93177469804594
2025-07-31,Clothing,2,0,Thursday,0,1.0547044458506165,39.505251110483485
2025-08-01,Electronics,4,1,Friday,0,1.0972984629001963,53.48476311006189
2025-08-02,Electronics,3,0,Saturday,0,1.071738597735127,59.76598756609646
2025-08-03,Electronics,2,0,Sunday,0,1.0994432375927903,46.597847376562065
2025-08-04,Electronics,5,0,Monday,0,0.9253089951933587,36.468378874229984
2025-08-05,Toys,4,0,Tuesday,0,,56.72936453286508
2025-08-06,Toys,1,0,Wednesday,0,1.0228751492118782,38.495451950420566
2025-08-07,Clothing,4,0,Thursday,0,1.068495433723865,14.182728727636505
2025-08-08,Electronics,1,0,Friday,0,0.9433114176495382,60.78395369493802
2025-08-09,Electronics,1,1,Saturday,0,1.0691097971553023,71.72604545368436
2025-08-10,Clothing,2,1,Sunday,0,0.9951133672031057,25.529958250430905
2025-08-11,Clothing,5,0,Monday,0,0.9627886076649638,19.24904107263232
2025-08-12,Electronics,2,0,Tuesday,0,1.057989122595726,35.45924440007709
2025-08-13,Electronics,4,0,Wednesday,0,0.9628329447305227,68.89318764735106
2025-08-14,Toys,1,0,Thursday,0,0.9076514124966449,17.223532261139713
2025-08-15,Clothing,2,0,Friday,0,1.0575993542727633,15.197442012050832
2025-08-16,Clothing,5,0,Saturday,0,1.046949448596806,22.289886195683128
2025-08-17,Clothing,2,0,Sunday,0,1.0733642155652046,23.30338126775607
2025-08-18,Electronics,5,0,Monday,0,,33.435743046279185
2025-08-19,Toys,1,0,Tuesday,0,1.0735905231559026,46.608036268877754
2025-08-20,Home Goods,1,0,Wednesday,0,1.0315792491822933,19.251408474427674
2025-08-21,Toys,4,0,Thursday,0,0.9899500054091088,46.609310037053696
2025-08-22,Home Goods,3,0,Friday,0,0.9476533606924132,7.092818011725455
2025-08-23,Clothing,5,1,Saturday,0,1.0823945803702109,30.398206852200605
2025-08-24,Electronics,5,0,Sunday,0,0.9582081019235036,63.83710668563285
2025-08-25,Toys,2,0,Monday,0,1.0254516017191428,73.97099153222496
2025-08-26,Toys,4,0,Tuesday,0,1.065576821269835,63.83885131341488
2025-08-27,Toys,1,0,Wednesday,0,1.002303310727503,62.82639469843669
2025-08-28,Clothing,3,0,Thursday,0,1.0300218731527315,17.22682748906191
2025-08-29,Electronics,2,0,Friday,0,0.9427781854441438,17.227062886607747
2025-08-30,Electronics,2,0,Saturday,0,0.9266603669773734,73.97604558694263
2025-08-31,Home Goods,1,1,Sunday,0,1.081569377110913,37.69789725401142
2025-09-01,Toys,4,0,Monday,0,1.0788430036311347,22.29476000988191
2025-09-02,Toys,5,0,Tuesday,0,0.9382297518115249,42.5633052574248
2025-09-03,Toys,5,0,Wednesday,0,1.0044130844281338,1.0134258777992349
2025-09-04,Clothing,4,0,Thursday,0,0.9639875507832847,43.5779082115074
2025-09-05,Toys,5,0,Friday,0,0.9388059770222947,14.188350037232164
2025-09-06,Clothing,4,0,Saturday,0,1.0122046565335368,49.65990370329598
2025-09-07,Electronics,5,0,Sunday,0,1.0881193794670052,34.458363218546154
2025-09-08,Electronics,1,0,Monday,0,1.0227462387390411,63.85019255624597
2025-09-09,Clothing,4,0,Tuesday,0,0.9210706998370376,28.37825113021786
2025-09-10,Electronics,2,0,Wednesday,0,0.9215270760066074,48.64909526983358
2025-09-11,Toys,2,0,Thursday,0,1.0427745659068146,32.43317335987063
2025-09-12,Clothing,5,0,Friday,0,0.9258705931797722,21.284560858252178
2025-09-13,Home Goods,4,0,Saturday,0,1.0798958981502382,19.257722969438383
2025-09-14,Clothing,1,0,Sunday,0,1.0771034112720475,60.81469300528299
2025-09-15,Toys,4,0,Monday,0,0.9024114011172042,15.203881003292107
2025-09-16,Toys,1,0,Tuesday,0,1.0379062227742994,29.394571598997796
2025-09-17,Electronics,4,0,Wednesday,0,1.0886464139663004,68.92614420473969
2025-09-18,Electronics,2,1,Thursday,0,1.0542474535227138,65.68345847335425
2025-09-19,Home Goods,1,0,Friday,0,0.9359123065016601,28.382129140523922
2025-09-20,Clothing,1,0,Saturday,0,0.9071161188734883,33.450823572611185
2025-09-21,Toys,1,0,Sunday,0,1.013735627175005,82.10768890358183
2025-09-22,Toys,4,0,Monday,0,1.028042533664448,63.862408455642154
2025-09-23,Home Goods,5,0,Tuesday,0,0.970462324146692,15.205543121264677
2025-09-24,Toys,4,0,Wednesday,0,0.9410128231094386,42.57610251660371
2025-09-25,Clothing,3,0,Thursday,0,1.045083133899668,3.0411917358297207
2025-09-26,Home Goods,1,0,Friday,0,0.9103322137323198,32.43982178634538
2025-09-27,Clothing,4,0,Saturday,0,1.0743394924575915,63.866771843235746
2025-09-28,Toys,3,0,Sunday,0,1.0536470839796022,21.28921485217638
2025-09-29,Electronics,1,0,Monday,0,1.0380624602992872,63.86851728174779
2025-09-30,Clothing,4,0,Tuesday,0,0.970358251709424,17.23459730668511
2025-10-01,Home Goods,1,0,Wednesday,0,0.9346418385516755,32.84756370923738
2025-10-02,Toys,1,0,Thursday,0,1.001024903239627,35.28119867313816
2025-10-03,Clothing,1,0,Friday,0,1.0612276802981895,54.74743568732433
2025-10-04,Home Goods,4,0,Saturday,0,0.9733876077251662,45.01517333731153
2025-10-05,Clothing,2,0,Sunday,0,1.002543396081133,42.58250258899968
2025-10-06,Home Goods,4,1,Monday,0,0.9259325268693755,37.959778148507205
2025-10-07,Toys,1,0,Tuesday,0,1.0818902676382107,40.15031397949083
2025-10-08,Clothing,4,0,Wednesday,0,0.9840412266190927,74.21826120129836
2025-10-09,Clothing,3,0,Thursday,0,0.9650578963003567,48.66837728751242
2025-10-10,Clothing,4,0,Friday,0,0.9968469509085279,41.36868597282081
2025-10-11,Clothing,5,0,Saturday,0,1.0967138905629348,30.418567102191446
2025-10-12,Clothing,5,0,Sunday,0,1.0791914467807733,43.80333517362105
2025-10-13,Home Goods,2,0,Monday,0,0.9293386033578254,30.419398422406466
2025-10-14,Electronics,1,0,Tuesday,0,1.0606526746661473,34.07019178195778
2025-10-15,Clothing,5,0,Wednesday,0,0.9102414356438284,17.035328668590925
2025-10-16,Clothing,2,0,Thursday,0,1.0909559424194508,52.32351016596445
2025-10-17,Electronics,5,1,Friday,0,0.964851551644882,103.67497633443263
2025-10-18,Home Goods,3,0,Saturday,0,0.9088794413985668,19.469745166299518
2025-10-19,Electronics,5,1,Sunday,0,0.9438278082237914,144.56483325204977
2025-10-20,Toys,1,0,Monday,0,1.0404499689719702,63.27840110192396
2025-10-21,Clothing,2,1,Tuesday,0,1.0297262200649053,71.55424668445912
2025-10-22,Toys,4,0,Wednesday,0,1.0548488287929787,48.67702343125806
2025-10-23,Home Goods,2,0,Thursday,0,1.0527091174056635,15.820248789428629
2025-10-24,Electronics,2,0,Friday,0,1.0444416316817495,88.83799558197072
2025-10-25,Toys,2,0,Saturday,0,0.9507092735728739,46.24506796765688
2025-10-26,Toys,4,0,Sunday,0,1.0348487173514929,32.85878676222807
2025-10-27,Clothing,5,0,Monday,0,0.9785224754346535,0.0
2025-10-28,Home Goods,2,0,Tuesday,0,1.0159435239552326,21.906456514736156
2025-10-29,Clothing,2,0,Wednesday,0,1.0643077258475475,23.12379784958019
2025-10-30,Clothing,3,0,Thursday,0,0.9210044775075255,58.418813878262114
2025-10-31,Toys,3,1,Friday,0,1.0097400952607876,55.49863154006802
2025-11-01,Clothing,1,0,Saturday,0,0.9517901759926021,23.124745794229025
2025-11-02,Electronics,1,0,Sunday,0,0.9273058217370769,74.24361941311926
2025-11-03,Home Goods,2,1,Monday,0,0.9442859903463423,32.132103861232366
2025-11-04,Clothing,5,0,Tuesday,0,1.0448301212445776,34.079969777719484
2025-11-05,Electronics,1,0,Wednesday,0,0.9658923573025562,94.93835594254848
2025-11-06,Home Goods,2,0,Thursday,0,1.0793423189412426,23.126325788334224
2025-11-07,Toys,1,0,Friday,0,0.9652587716895316,86.42060883198762
2025-11-08,Toys,5,1,Saturday,0,1.041032406253691,74.49314833429492
2025-11-09,Clothing,5,0,Sunday,0,0.9313336541608274,57.20957212215095
2025-11-10,Clothing,2,0,Monday,0,1.0028510486099083,48.68966286598748
2025-11-11,Home Goods,3,0,Tuesday,0,1.045678923350446,34.0832297332096
2025-11-12,Clothing,2,1,Wednesday,0,0.9891933110976813,62.81138164557658
2025-11-13,Clothing,1,0,Thursday,0,1.0579550875286143,42.60520150792292
2025-11-14,Clothing,4,0,Friday,0,1.0587943054027644,62.082713377674736
2025-11-15,Clothing,1,1,Saturday,0,0.9748488132836716,16.068686560892576
2025-11-16,Home Goods,4,0,Sunday,0,0.9633018503785213,25.56416884782205
2025-11-17,Electronics,2,0,Monday,0,0.9152628174463686,86.43241858059292
2025-11-18,Clothing,3,0,Tuesday,0,0.9077843435009829,52.34710964367753
2025-11-19,Clothing,5,0,Wednesday,0,1.057632566565515,53.56521622330491
2025-11-20,Home Goods,1,0,Thursday,0,1.0896956462566365,17.043710781381993
2025-11-21,Clothing,5,0,Friday,0,1.07827686376956,57.21895377182215
2025-11-22,Toys,4,0,Saturday,0,1.0248441292243193,48.697647357789684
2025-11-23,Clothing,2,0,Sunday,0,0.9408981410306441,36.52373459340484
2025-11-24,Home Goods,4,0,Monday,0,1.0719231506521638,42.611605954501584
2025-11-25,Clothing,5,0,Tuesday,0,1.017558024403219,29.21978621119125
2025-11-26,Clothing,5,0,Wednesday,0,,20.697631387056166
2025-11-27,Toys,4,0,Thursday,0,0.9898215598409635,68.18136446212495
2025-11-28,Home Goods,4,0,Friday,0,0.9516090689383531,12.175410023671478
2025-11-29,Home Goods,5,1,Saturday,0,0.9645939336325788,30.68245251707694
2025-11-30,Clothing,3,0,Sunday,0,0.9655135162110973,46.26782252574475
2025-12-01,Home Goods,3,0,Monday,0,0.98727337224854,41.39809109801039
2025-12-02,Toys,4,0,Tuesday,0,0.9688919513644443,24.35215105057585
2025-12-03,Electronics,3,0,Wednesday,0,0.9883929714396464,102.28043201355588
2025-12-04,Electronics,4,0,Thursday,0,1.0335007802023044,87.67013968610648
2025-12-05,Clothing,3,0,Friday,0,1.0393527755536864,47.48864123395032
2025-12-06,Toys,5,0,Saturday,0,1.0971639300444367,57.230682997417595
2025-12-07,Electronics,3,0,Sunday,0,1.0436593243577792,18.265361180193633
2025-12-08,Electronics,1,0,Monday,0,1.0811833287023775,60.88536922959079
2025-12-09,Toys,5,0,Tuesday,0,0.9374405881857812,29.225376577554194
2025-12-10,Home Goods,2,0,Wednesday,0,0.9175347703078236,37.74996057671722
2025-12-11,Electronics,2,0,Thursday,0,1.0708865316191751,43.83926293293937
2025-12-12,Toys,2,0,Friday,0,1.055955832027581,21.919930989260877
2025-12-13,Toys,4,0,Saturday,0,1.0975757632395298,47.49383278498067
2025-12-14,Clothing,4,0,Sunday,0,1.026123341368778,32.88079507068283
2025-12-15,Electronics,4,0,Monday,0,1.0095525601426678,74.28725580631671
2025-12-16,Electronics,4,0,Tuesday,0,1.0117056166937226,47.49577976293532
2025-12-17,Toys,5,0,Wednesday,0,1.060522833099232,79.16071462220567
2025-12-18,Toys,4,0,Thursday,0,1.0540827689820964,35.31833989704662
2025-12-19,Clothing,2,0,Friday,0,1.03940434947159,15.832575606901681
2025-12-20,Home Goods,2,0,Saturday,0,0.9255357749029295,35.31930512495557
2025-12-21,Toys,2,0,Sunday,0,1.0785358730934005,45.063177472609645
2025-12-22,Home Goods,3,1,Monday,0,1.0902949502860928,23.384454871775063
2025-12-23,Toys,3,0,Tuesday,0,0.9473507372182997,47.500323021893756
2025-12-24,Home Goods,4,0,Wednesday,0,0.9258920163643626,10.961762791006986
2025-12-25,Toys,4,0,Thursday,0,1.0020243637242523,53.591572608485166
2025-12-26,Electronics,2,0,Friday,0,0.9336364137341551,116.92866526993564
2025-12-27,Clothing,5,0,Saturday,0,0.9242411297150257,42.630825071144415
2025-12-28,Toys,5,0,Sunday,0,1.0281575181261076,20.706683693331644
2025-12-29,Home Goods,2,0,Monday,0,1.0677155003802268,29.2333646706184
2025-12-30,Toys,3,0,Tuesday,0,0.968243836430092,41.414499187821605
2025-12-31,Electronics,4,0,Wednesday,0,0.9567490159277728,56.03214689999998
